route_id,service_id,trip_id,trip_headsign,trip_short_name,direction_id,shape_id,block_id
1,FERIALE,010805A,ALTOLIA,,0,001_0_A,001_01
1,FERIALE,011030A,ALTOLIA,,0,001_1_A,001_01
1,FERIALE,010600A,ALTOLIA,,0,001_1_A,001_01
1,FERIALE,012235R,STAZIONE CENTRALE,,1,001_0_R,001_01
1,FERIALE,012035R,STAZIONE CENTRALE,,1,001_0_R,001_01
1,FERIALE,010645R,STAZIONE CENTRALE,,1,001_0_R,001_01
1,FERIALE,012140A,ALTOLIA,,0,001_0_A,001_01
1,FERIALE,011930A,ALTOLIA,,0,001_0_A,001_01
1,FERIALE,011700A,ALTOLIA,,0,001_0_A,001_01
1,FERIALE,011430A,ALTOLIA,,0,001_0_A,001_01
1,FERIALE,010425A,ALTOLIA,,0,001_0_A,001_01
2,FERIALE,020405A,GIAMPILIERI SUP,,0,002_0_A,002_01
2,FERIALE,020435A,GIAMPILIERI SUP,,0,002_0_A,002_02
2,FERIALE,020505A,GIAMPILIERI SUP,,0,002_0_A,002_03
2,FERIALE,020535A,GIAMPILIERI SUP,,0,002_0_A,002_01
2,FERIALE,020555A,GIAMPILIERI SUP,,0,002_0_A,002_04
2,FERIALE,020615A,GIAMPILIERI SUP,,0,002_0_A,002_02
2,FERIALE,020645A,GIAMPILIERI SUP,,0,002_0_A,002_03
2,FERIALE,020720A,GIAMPILIERI SUP,,0,002_0_A,002_01
2,FERIALE,020750A,GIAMPILIERI SUP,,0,002_0_A,002_04
2,FERIALE,020830A,GIAMPILIERI SUP,,0,002_0_A,002_02
2,FERIALE,020900A,GIAMPILIERI SUP,,0,002_0_A,002_03
2,FERIALE,020940A,GIAMPILIERI SUP,,0,002_0_A,002_01
2,FERIALE,021005A,GIAMPILIERI SUP,,0,002_0_A,002_04
2,FERIALE,021045A,GIAMPILIERI SUP,,0,002_0_A,002_02
2,FERIALE,021115A,GIAMPILIERI SUP,,0,002_0_A,002_03
2,FERIALE,021155A,GIAMPILIERI SUP,,0,002_0_A,002_01
2,FERIALE,021220A,GIAMPILIERI SUP,,0,002_0_A,002_04
2,FERIALE,021300A,GIAMPILIERI SUP,,0,002_0_A,002_02
2,FERIALE,021330A,GIAMPILIERI SUP,,0,002_0_A,002_03
2,FERIALE,021405A,GIAMPILIERI SUP,,0,002_0_A,002_01
2,FERIALE,021435A,GIAMPILIERI SUP,,0,002_0_A,002_04
2,FERIALE,021500A,GIAMPILIERI SUP,,0,002_0_A,002_02
2,FERIALE,021530A,GIAMPILIERI SUP,,0,002_0_A,002_03
2,FERIALE,021605A,GIAMPILIERI SUP,,0,002_0_A,002_01
2,FERIALE,021645A,GIAMPILIERI SUP,,0,002_0_A,002_04
2,FERIALE,021715A,GIAMPILIERI SUP,,0,002_0_A,002_02
79,FESTIVO,1790910R,STAZIONE CENTRALE,,1,079_0_R,079_01
2,FERIALE,021810A,GIAMPILIERI SUP,,0,002_0_A,002_01
2,FERIALE,021845A,GIAMPILIERI SUP,,0,002_0_A,002_04
2,FERIALE,021930A,GIAMPILIERI SUP,,0,002_0_A,002_02
79,FESTIVO,1790410A,ISTITUTO MARINO,,0,079_0_A,079_01
2,FERIALE,022020A,GIAMPILIERI SUP,,0,002_0_A,002_01
2,FERIALE,022050A,GIAMPILIERI SUP,,0,002_0_A,002_04
2,FERIALE,022125A,GIAMPILIERI SUP,,0,002_0_A,002_02
6,FERIALE,072050A,GALATI S.LUCIA,,0,007_1_A,007_01
4,FERIALE,052150A,PEZZOLO,,0,005_3_A,005_01
2,FERIALE,020445R,STAZIONE CENTRALE,,1,002_0_R,002_01
2,FERIALE,020515R,STAZIONE CENTRALE,,1,002_0_R,002_02
2,FERIALE,020545R,STAZIONE CENTRALE,,1,002_0_R,002_03
2,FERIALE,020620R,STAZIONE CENTRALE,,1,002_0_R,002_01
2,FERIALE,020645R,STAZIONE CENTRALE,,1,002_0_R,002_04
2,FERIALE,020720R,STAZIONE CENTRALE,,1,002_0_R,002_02
2,FERIALE,020750R,STAZIONE CENTRALE,,1,002_0_R,002_03
2,FERIALE,020825R,STAZIONE CENTRALE,,1,002_0_R,002_01
2,FERIALE,020855R,STAZIONE CENTRALE,,1,002_0_R,002_04
2,FERIALE,020935R,STAZIONE CENTRALE,,1,002_0_R,002_02
2,FERIALE,021005R,STAZIONE CENTRALE,,1,002_0_R,002_03
2,FERIALE,021045R,STAZIONE CENTRALE,,1,002_0_R,002_01
2,FERIALE,021110R,STAZIONE CENTRALE,,1,002_0_R,002_04
2,FERIALE,021150R,STAZIONE CENTRALE,,1,002_0_R,002_02
2,FERIALE,021220R,STAZIONE CENTRALE,,1,002_0_R,002_03
2,FERIALE,021255R,STAZIONE CENTRALE,,1,002_0_R,002_01
2,FERIALE,021325R,STAZIONE CENTRALE,,1,002_0_R,002_04
2,FERIALE,021405R,STAZIONE CENTRALE,,1,002_0_R,002_02
2,FERIALE,021435R,STAZIONE CENTRALE,,1,002_0_R,002_03
2,FERIALE,021510R,STAZIONE CENTRALE,,1,002_0_R,002_01
2,FERIALE,021545R,STAZIONE CENTRALE,,1,002_0_R,002_04
2,FERIALE,021605R,STAZIONE CENTRALE,,1,002_0_R,002_02
2,FERIALE,021635R,STAZIONE CENTRALE,,1,002_0_R,002_03
2,FERIALE,021705R,STAZIONE CENTRALE,,1,002_0_R,002_01
2,FERIALE,021750R,STAZIONE CENTRALE,,1,002_0_R,002_04
2,FERIALE,021820R,STAZIONE CENTRALE,,1,002_0_R,002_02
79,FESTIVO,1791940R,STAZIONE CENTRALE,,1,079_0_R,079_02
2,FERIALE,021915R,STAZIONE CENTRALE,,1,002_0_R,002_01
2,FERIALE,021945R,STAZIONE CENTRALE,,1,002_0_R,002_04
2,FERIALE,022030R,STAZIONE CENTRALE,,1,002_0_R,002_02
79,FESTIVO,1790510R,STAZIONE CENTRALE,,1,079_0_R,079_01
2,FERIALE,022120R,STAZIONE CENTRALE,,1,002_0_R,002_01
2,FERIALE,022150R,STAZIONE CENTRALE,,1,002_0_R,002_04
2,FERIALE,022215R,STAZIONE CENTRALE,,1,002_0_R,002_02
4,FERIALE,052245R,STAZIONE CENTRALE,,1,005_3_R,005_01
3,FERIALE,040640A,BRIGA SUP.,,0,004_0_A,004_01
3,FERIALE,040715A,BRIGA SUP.,,0,004_0_A,004_01
3,FERIALE,040750A,BRIGA SUP.,,0,004_0_A,004_01
3,FERIALE,040830A,BRIGA SUP.,,0,004_0_A,004_01
3,FERIALE,040905A,BRIGA SUP.,,0,004_0_A,004_01
3,FERIALE,040940A,BRIGA SUP.,,0,004_0_A,004_01
3,FERIALE,041020A,BRIGA SUP.,,0,004_0_A,004_01
3,FERIALE,041055A,BRIGA SUP.,,0,004_0_A,004_01
3,FERIALE,041130A,BRIGA SUP.,,0,004_0_A,004_01
3,FERIALE,041350A,BRIGA SUP.,,0,004_0_A,004_01
3,FERIALE,041425A,BRIGA SUP.,,0,004_0_A,004_01
3,FERIALE,041500A,BRIGA SUP.,,0,004_0_A,004_01
3,FERIALE,041540A,BRIGA SUP.,,0,004_0_A,004_01
3,FERIALE,041615A,BRIGA SUP.,,0,004_0_A,004_01
3,FERIALE,041650A,BRIGA SUP.,,0,004_0_A,004_01
3,FERIALE,041730A,BRIGA SUP.,,0,004_0_A,004_01
3,FERIALE,041805A,BRIGA SUP.,,0,004_0_A,004_01
3,FERIALE,041840A,BRIGA SUP.,,0,004_0_A,004_01
3,FERIALE,041205A,BRIGA SUP.,,0,004_1_A,004_01
3,FERIALE,041915A,BRIGA SUP.,,0,004_1_A,004_01
7,FERIALE,081300R,STAZIONE CENTRALE,,1,008_0_R,008_01
7,FERIALE,081515R,STAZIONE CENTRALE,,1,008_0_R,008_01
7,FERIALE,081710R,STAZIONE CENTRALE,,1,008_0_R,008_01
7,FERIALE,082015A,MILI S. PIETRO,,0,008_0_A,008_01
7,FERIALE,080610A,MILI S. PIETRO,,0,008_0_A,008_01
7,FERIALE,080750A,MILI S. PIETRO,,0,008_0_A,008_01
7,FERIALE,080950A,MILI S. PIETRO,,0,008_0_A,008_01
7,FERIALE,081200A,MILI S. PIETRO,,0,008_0_A,008_01
7,FERIALE,081410A,MILI S. PIETRO,,0,008_0_A,008_01
7,FERIALE,081610A,MILI S. PIETRO,,0,008_0_A,008_01
7,FERIALE,081810A,MILI S. PIETRO,,0,008_0_A,008_01
7,FERIALE,080520R,STAZIONE CENTRALE,,1,008_0_R,008_01
7,FERIALE,082110R,STAZIONE CENTRALE,,1,008_0_R,008_01
7,FERIALE,081055R,STAZIONE CENTRALE,,1,008_0_R,008_01
8,FERIALE,090520R,STAZIONE CENTRALE,,1,009_0_R,009_01
8,FERIALE,092110A,LARDERIA,,0,009_0_A,009_01
8,FERIALE,091925A,LARDERIA,,0,009_0_A,009_01
8,FERIALE,091735A,LARDERIA,,0,009_0_A,009_01
8,FERIALE,091545A,LARDERIA,,0,009_0_A,009_01
8,FERIALE,091355A,LARDERIA,,0,009_0_A,009_01
8,FERIALE,091200A,LARDERIA,,0,009_0_A,009_01
8,FERIALE,090955A,LARDERIA,,0,009_0_A,009_01
8,FERIALE,090800A,LARDERIA,,0,009_0_A,009_01
8,FERIALE,090615A,LARDERIA,,0,009_0_A,009_01
8,FERIALE,090435A,LARDERIA,,0,009_0_A,009_01
8,FERIALE,090700R,STAZIONE CENTRALE,,1,009_0_R,009_01
8,FERIALE,090855R,STAZIONE CENTRALE,,1,009_0_R,009_01
8,FERIALE,091050R,STAZIONE CENTRALE,,1,009_0_R,009_01
8,FERIALE,091255R,STAZIONE CENTRALE,,1,009_0_R,009_01
8,FERIALE,091445R,STAZIONE CENTRALE,,1,009_0_R,009_01
8,FERIALE,091635R,STAZIONE CENTRALE,,1,009_0_R,009_01
8,FERIALE,091825R,STAZIONE CENTRALE,,1,009_0_R,009_01
8,FERIALE,092015R,STAZIONE CENTRALE,,1,009_0_R,009_01
8,FERIALE,092200R,STAZIONE CENTRALE,,1,009_0_R,009_01
7,FERIALE,082245R,STAZIONE CENTRALE,,1,008_0_R,008_01
7,FERIALE,080850R,STAZIONE CENTRALE,,1,008_0_R,008_01
7,FERIALE,080650R,STAZIONE CENTRALE,,1,008_0_R,008_01
7,FERIALE,080440A,MILI S. PIETRO,,0,008_0_A,008_01
9,FERIALE,100415A,ZAFFERIA,,0,010_0_A,010_01
9,FERIALE,100515A,ZAFFERIA,,0,010_0_A,010_01
9,FERIALE,100620A,ZAFFERIA,,0,010_0_A,010_01
9,FERIALE,100735A,ZAFFERIA,,0,010_0_A,010_01
9,FERIALE,101420A,ZAFFERIA,,0,010_0_A,010_01
9,FERIALE,101545A,ZAFFERIA,,0,010_0_A,010_01
9,FERIALE,101715A,ZAFFERIA,,0,010_0_A,010_01
9,FERIALE,101850A,ZAFFERIA,,0,010_0_A,010_01
9,FERIALE,102025A,ZAFFERIA,,0,010_0_A,010_01
9,FERIALE,102135A,ZAFFERIA,,0,010_0_A,010_01
9,FERIALE,100910A,ZAFFERIA,,0,010_1_A,010_01
9,FERIALE,101025A,ZAFFERIA,,0,010_1_A,010_01
9,FERIALE,100445R,STAZIONE CENTRALE,,1,010_0_R,010_01
9,FERIALE,100545R,STAZIONE CENTRALE,,1,010_0_R,010_01
9,FERIALE,100650R,STAZIONE CENTRALE,,1,010_0_R,010_01
12,FERIALE,122220A,S. FILIPPO INF.,,0,012_0_A,012_01
9,FERIALE,101335R,STAZIONE CENTRALE,,1,010_0_R,010_01
9,FERIALE,101505R,STAZIONE CENTRALE,,1,010_0_R,010_01
9,FERIALE,101630R,STAZIONE CENTRALE,,1,010_0_R,010_01
9,FERIALE,101800R,STAZIONE CENTRALE,,1,010_0_R,010_01
9,FERIALE,101940R,STAZIONE CENTRALE,,1,010_0_R,010_01
9,FERIALE,102105R,STAZIONE CENTRALE,,1,010_0_R,010_01
9,FERIALE,102210R,STAZIONE CENTRALE,,1,010_0_R,010_01
12,FERIALE,122110A,S. FILIPPO INF.,,0,012_0_A,012_01
12,FERIALE,120405A,S. FILIPPO INF.,,0,012_0_A,012_01
12,FERIALE,120525A,S. FILIPPO INF.,,0,012_0_A,012_01
12,FERIALE,120640A,S. FILIPPO INF.,,0,012_0_A,012_01
12,FERIALE,120805A,S. FILIPPO INF.,,0,012_0_A,012_01
12,FERIALE,120935A,S. FILIPPO INF.,,0,012_0_A,012_01
12,FERIALE,121110A,S. FILIPPO INF.,,0,012_0_A,012_01
12,FERIALE,121240A,S. FILIPPO INF.,,0,012_0_A,012_01
12,FERIALE,121405A,S. FILIPPO INF.,,0,012_0_A,012_01
12,FERIALE,121530A,S. FILIPPO INF.,,0,012_0_A,012_01
12,FERIALE,121700A,S. FILIPPO INF.,,0,012_0_A,012_01
12,FERIALE,121830A,S. FILIPPO INF.,,0,012_0_A,012_01
12,FERIALE,122000A,S. FILIPPO INF.,,0,012_0_A,012_01
12,FERIALE,122035R,STAZIONE CENTRALE,,1,012_0_R,012_01
12,FERIALE,120845R,STAZIONE CENTRALE,,1,012_0_R,012_01
12,FERIALE,121015R,STAZIONE CENTRALE,,1,012_0_R,012_01
12,FERIALE,121150R,STAZIONE CENTRALE,,1,012_0_R,012_01
12,FERIALE,121320R,STAZIONE CENTRALE,,1,012_0_R,012_01
12,FERIALE,121445R,STAZIONE CENTRALE,,1,012_0_R,012_01
12,FERIALE,121610R,STAZIONE CENTRALE,,1,012_0_R,012_01
12,FERIALE,121740R,STAZIONE CENTRALE,,1,012_0_R,012_01
12,FERIALE,121910R,STAZIONE CENTRALE,,1,012_0_R,012_01
12,FERIALE,120600R,STAZIONE CENTRALE,,1,012_0_R,012_01
12,FERIALE,120715R,STAZIONE CENTRALE,,1,012_0_R,012_01
13,FERIALE,130525A,S. LUCIA,,0,013_0_A,013_01
13,FERIALE,131005A,S. LUCIA,,0,013_1_A,013_01
13,FERIALE,130900A,S. LUCIA,,0,013_1_A,013_01
13,FERIALE,130745A,S. LUCIA,,0,013_0_A,013_01
13,FERIALE,130630A,S. LUCIA,,0,013_0_A,013_01
13,FERIALE,131340A,S. LUCIA,,0,013_0_A,013_01
13,FERIALE,131505A,S. LUCIA,,0,013_0_A,013_01
13,FERIALE,131630A,S. LUCIA,,0,013_0_A,013_01
13,FERIALE,131755A,S. LUCIA,,0,013_0_A,013_01
13,FERIALE,131920A,S. LUCIA,,0,013_0_A,013_01
13,FERIALE,132045A,S. LUCIA,,0,013_0_A,013_01
13,FERIALE,132200A,S. LUCIA,,0,013_0_A,013_01
13,FERIALE,130705R,STAZIONE CENTRALE,,1,013_0_R,013_01
13,FERIALE,130825R,VILLA DANTE,,1,013_1_R,013_01
13,FERIALE,131710R,STAZIONE CENTRALE,,1,013_0_R,013_01
13,FERIALE,131835R,STAZIONE CENTRALE,,1,013_0_R,013_01
13,FERIALE,132000R,STAZIONE CENTRALE,,1,013_0_R,013_01
13,FERIALE,132120R,STAZIONE CENTRALE,,1,013_0_R,013_01
13,FERIALE,132235R,STAZIONE CENTRALE,,1,013_0_R,013_01
13,FERIALE,131420R,STAZIONE CENTRALE,,1,013_0_R,013_01
13,FERIALE,131545R,STAZIONE CENTRALE,,1,013_0_R,013_01
13,FERIALE,130555R,STAZIONE CENTRALE,,1,013_0_R,013_01
13,FERIALE,131250R,STAZIONE CENTRALE,,1,013_0_R,013_01
5,FERIALE,060430A,S. STEFANO BRIGA,,0,006_0_A,006_01
5,FERIALE,060605A,S. STEFANO BRIGA,,0,006_0_A,006_01
5,FERIALE,060800A,S. STEFANO BRIGA,,0,006_0_A,006_01
5,FERIALE,061010A,S. STEFANO BRIGA,,0,006_0_A,006_01
5,FERIALE,061200A,S. STEFANO BRIGA,,0,006_0_A,006_01
5,FERIALE,061410A,S. STEFANO BRIGA,,0,006_0_A,006_01
5,FERIALE,061615A,S. STEFANO BRIGA,,0,006_0_A,006_01
5,FERIALE,061815A,S. STEFANO BRIGA,,0,006_0_A,006_01
5,FERIALE,062015A,S. STEFANO BRIGA,,0,006_0_A,006_01
5,FERIALE,060515R,STAZIONE CENTRALE,,1,006_0_R,006_01
5,FERIALE,060655R,STAZIONE CENTRALE,,1,006_0_R,006_01
5,FERIALE,060905R,STAZIONE CENTRALE,,1,006_0_R,006_01
5,FERIALE,061100R,STAZIONE CENTRALE,,1,006_0_R,006_01
5,FERIALE,061300R,STAZIONE CENTRALE,,1,006_0_R,006_01
5,FERIALE,061510R,STAZIONE CENTRALE,,1,006_0_R,006_01
5,FERIALE,061710R,STAZIONE CENTRALE,,1,006_0_R,006_01
5,FERIALE,061910R,STAZIONE CENTRALE,,1,006_0_R,006_01
5,FERIALE,062110R,STAZIONE CENTRALE,,1,006_0_R,006_01
5,FERIALE,060525A,S. STEFANO BRIGA,,0,006_0_A,006_02
5,FERIALE,060705A,S. STEFANO BRIGA,,0,006_0_A,006_02
5,FERIALE,060910A,S. STEFANO BRIGA,,0,006_0_A,006_02
5,FERIALE,061110A,S. STEFANO BRIGA,,0,006_0_A,006_02
5,FERIALE,061310A,S. STEFANO BRIGA,,0,006_0_A,006_02
5,FERIALE,061510A,S. STEFANO BRIGA,,0,006_0_A,006_02
5,FERIALE,061715A,S. STEFANO BRIGA,,0,006_0_A,006_02
5,FERIALE,061915A,S. STEFANO BRIGA,,0,006_0_A,006_02
5,FERIALE,062115A,S. STEFANO BRIGA,,0,006_0_A,006_02
5,FERIALE,060610R,STAZIONE CENTRALE,,1,006_0_R,006_02
5,FERIALE,060800R,STAZIONE CENTRALE,,1,006_0_R,006_02
5,FERIALE,061010R,STAZIONE CENTRALE,,1,006_0_R,006_02
5,FERIALE,061210R,STAZIONE CENTRALE,,1,006_0_R,006_02
5,FERIALE,061410R,STAZIONE CENTRALE,,1,006_0_R,006_02
5,FERIALE,061615R,STAZIONE CENTRALE,,1,006_0_R,006_02
5,FERIALE,061810R,STAZIONE CENTRALE,,1,006_0_R,006_02
5,FERIALE,062010R,STAZIONE CENTRALE,,1,006_0_R,006_02
5,FERIALE,062200R,STAZIONE CENTRALE,,1,006_0_R,006_02
15,FERIALE,150540A,CEP,,0,015_0_A,015_01
15,FERIALE,150640A,CEP,,0,015_0_A,015_01
15,FERIALE,150745A,CEP,,0,015_0_A,015_01
15,FERIALE,150915A,CEP,,0,015_0_A,015_01
15,FERIALE,151055A,CEP,,0,015_0_A,015_01
15,FERIALE,151225A,CEP,,0,015_0_A,015_01
15,FERIALE,152300A,CEP,,0,015_0_A,015_01
15,FERIALE,152140A,CEP,,0,015_0_A,015_01
15,FERIALE,152015A,CEP,,0,015_0_A,015_01
15,FERIALE,151830A,CEP,,0,015_0_A,015_01
15,FERIALE,151655A,CEP,,0,015_0_A,015_01
15,FERIALE,151525A,CEP,,0,015_0_A,015_01
15,FERIALE,151355A,CEP,,0,015_0_A,015_01
15,FERIALE,152205R,STAZIONE CENTRALE,,1,015_2_R,015_01
15,FERIALE,150700R,STAZIONE CENTRALE,,1,015_0_R,015_01
15,FERIALE,150600R,STAZIONE CENTRALE,,1,015_0_R,015_01
15,FERIALE,151905R,STAZIONE CENTRALE,,1,015_2_R,015_01
15,FERIALE,152045R,STAZIONE CENTRALE,,1,015_2_R,015_01
15,FERIALE,151725R,STAZIONE CENTRALE,,1,015_2_R,015_01
15,FERIALE,151555R,STAZIONE CENTRALE,,1,015_2_R,015_01
15,FERIALE,151425R,STAZIONE CENTRALE,,1,015_2_R,015_01
15,FERIALE,151255R,STAZIONE CENTRALE,,1,015_2_R,015_01
15,FERIALE,151125R,STAZIONE CENTRALE,,1,015_2_R,015_01
15,FERIALE,150945R,STAZIONE CENTRALE,,1,015_2_R,015_01
15,FERIALE,150815R,STAZIONE CENTRALE,,1,015_2_R,015_01
28,SUSSIDIO,280640A,MUSEO,,0,028_0_A,028_01
28,SUSSIDIO,280725A,MUSEO,,0,028_0_A,028_02
28,SUSSIDIO,280840A,MUSEO,,0,028_0_A,028_01
28,SUSSIDIO,280930A,MUSEO,,0,028_0_A,028_02
28,SUSSIDIO,281040A,MUSEO,,0,028_0_A,028_01
28,SUSSIDIO,281130A,MUSEO,,0,028_0_A,028_02
28,SUSSIDIO,281240A,MUSEO,,0,028_0_A,028_01
28,SUSSIDIO,281330A,MUSEO,,0,028_0_A,028_02
28,SUSSIDIO,281440A,MUSEO,,0,028_0_A,028_01
28,SUSSIDIO,281530A,MUSEO,,0,028_0_A,028_02
28,SUSSIDIO,281640A,MUSEO,,0,028_0_A,028_01
28,SUSSIDIO,281730A,MUSEO,,0,028_0_A,028_02
28,SUSSIDIO,280740R,ZIR,,1,028_0_R,028_01
28,SUSSIDIO,280940R,ZIR,,1,028_0_R,028_01
28,SUSSIDIO,281145R,ZIR,,1,028_0_R,028_01
28,SUSSIDIO,281345R,ZIR,,1,028_0_R,028_01
28,SUSSIDIO,281540R,ZIR,,1,028_0_R,028_01
28,SUSSIDIO,281740R,ZIR,,1,028_0_R,028_01
28,SUSSIDIO,280830R,ZIR,,1,028_0_R,028_02
28,SUSSIDIO,281030R,ZIR,,1,028_0_R,028_02
28,SUSSIDIO,281230R,ZIR,,1,028_0_R,028_02
28,SUSSIDIO,281430R,ZIR,,1,028_0_R,028_02
28,SUSSIDIO,281630R,ZIR,,1,028_0_R,028_02
28,SUSSIDIO,281830R,ZIR,,1,028_0_R,028_02
29,FERIALE,290440A,SANTO BORDONARO,,0,029_0_A,029_01
29,FERIALE,290540A,SANTO BORDONARO,,0,029_0_A,029_01
29,FERIALE,290640A,SANTO BORDONARO,,0,029_0_A,029_01
29,FERIALE,290800A,SANTO BORDONARO,,0,029_0_A,029_01
29,FERIALE,290930A,SANTO BORDONARO,,0,029_0_A,029_01
29,FERIALE,291105A,SANTO BORDONARO,,0,029_0_A,029_01
29,FERIALE,291235A,SANTO BORDONARO,,0,029_0_A,029_01
29,FERIALE,291405A,SANTO BORDONARO,,0,029_0_A,029_01
29,FERIALE,291535A,SANTO BORDONARO,,0,029_0_A,029_01
29,FERIALE,291705A,SANTO BORDONARO,,0,029_0_A,029_01
29,FERIALE,291835A,SANTO BORDONARO,,0,029_0_A,029_01
29,FERIALE,292005A,SANTO BORDONARO,,0,029_0_A,029_01
29,FERIALE,292135A,SANTO BORDONARO,,0,029_0_A,029_01
29,FERIALE,290510R,STAZIONE CENTRALE,,1,029_0_R,029_01
29,FERIALE,290610R,STAZIONE CENTRALE,,1,029_0_R,029_01
29,FERIALE,290710R,STAZIONE CENTRALE,,1,029_0_R,029_01
29,FERIALE,290835R,STAZIONE CENTRALE,,1,029_0_R,029_01
29,FERIALE,291015R,STAZIONE CENTRALE,,1,029_0_R,029_01
29,FERIALE,291145R,STAZIONE CENTRALE,,1,029_0_R,029_01
29,FERIALE,291315R,STAZIONE CENTRALE,,1,029_0_R,029_01
29,FERIALE,291445R,STAZIONE CENTRALE,,1,029_0_R,029_01
29,FERIALE,291615R,STAZIONE CENTRALE,,1,029_0_R,029_01
29,FERIALE,291745R,STAZIONE CENTRALE,,1,029_0_R,029_01
29,FERIALE,291915R,STAZIONE CENTRALE,,1,029_0_R,029_01
29,FERIALE,292045R,STAZIONE CENTRALE,,1,029_0_R,029_01
29,FERIALE,292215R,STAZIONE CENTRALE,,1,029_0_R,029_01
32,FERIALE,321720R,STAZIONE CENTRALE,,1,032_0_R,032_01
32,FERIALE,321515R,STAZIONE CENTRALE,,1,032_0_R,032_01
32,FERIALE,321315R,STAZIONE CENTRALE,,1,032_0_R,032_01
32,FERIALE,321110R,STAZIONE CENTRALE,,1,032_0_R,032_01
32,FERIALE,320855R,STAZIONE CENTRALE,,1,032_0_R,032_01
32,FERIALE,320650R,STAZIONE CENTRALE,,1,032_0_R,032_01
32,FERIALE,320535R,STAZIONE CENTRALE,,1,032_0_R,032_01
32,FERIALE,322130A,SAN FILIPPO SUP.,,0,032_0_A,032_01
32,FERIALE,322015A,SAN FILIPPO SUP.,,0,032_0_A,032_01
32,FERIALE,321825A,SAN FILIPPO SUP.,,0,032_0_A,032_01
32,FERIALE,321620A,SAN FILIPPO SUP.,,0,032_0_A,032_01
32,FERIALE,321420A,SAN FILIPPO SUP.,,0,032_0_A,032_01
32,FERIALE,321215A,SAN FILIPPO SUP.,,0,032_0_A,032_01
32,FERIALE,321010A,SAN FILIPPO SUP.,,0,032_0_A,032_01
32,FERIALE,320755A,SAN FILIPPO SUP.,,0,032_0_A,032_01
32,FERIALE,320615A,SAN FILIPPO SUP.,,0,032_0_A,032_01
32,FERIALE,320505A,SAN FILIPPO SUP.,,0,032_0_A,032_01
33,FERIALE,330945A,BORDONARO SUP.,,0,033_1_A,033_01
33,FERIALE,330640A,BORDONARO SUP.,,0,033_0_A,033_01
33,FERIALE,330810A,BORDONARO SUP.,,0,033_0_A,033_01
33,FERIALE,331420A,BORDONARO SUP.,,0,033_0_A,033_01
33,FERIALE,331610A,BORDONARO SUP.,,0,033_0_A,033_01
33,FERIALE,331800A,BORDONARO SUP.,,0,033_0_A,033_01
33,FERIALE,331945A,BORDONARO SUP.,,0,033_0_A,033_01
33,FERIALE,332125A,BORDONARO SUP.,,0,033_0_A,033_01
33,FERIALE,332215R,STAZIONE CENTRALE,,1,033_0_R,033_01
33,FERIALE,330715R,STAZIONE CENTRALE,,1,033_0_R,033_01
33,FERIALE,330855R,STAZIONE CENTRALE,,1,033_0_R,033_01
33,FERIALE,331325R,STAZIONE CENTRALE,,1,033_0_R,033_01
33,FERIALE,331515R,STAZIONE CENTRALE,,1,033_0_R,033_01
33,FERIALE,331705R,STAZIONE CENTRALE,,1,033_0_R,033_01
33,FERIALE,331855R,STAZIONE CENTRALE,,1,033_0_R,033_01
33,FERIALE,332040R,STAZIONE CENTRALE,,1,033_0_R,033_01
35,FERIALE,352150A,CUMIA SUPERIORE,,0,035_0_A,035_01
35,FERIALE,350945A,CUMIA SUPERIORE,,0,035_1_A,035_01
35,FERIALE,351855A,CUMIA SUPERIORE,,0,035_0_A,035_01
35,FERIALE,352020A,CUMIA SUPERIORE,,0,035_0_A,035_01
35,FERIALE,351720A,CUMIA SUPERIORE,,0,035_0_A,035_01
35,FERIALE,351545A,CUMIA SUPERIORE,,0,035_0_A,035_01
35,FERIALE,351415A,CUMIA SUPERIORE,,0,035_0_A,035_01
35,FERIALE,350530A,CUMIA SUPERIORE,,0,035_0_A,035_01
35,FERIALE,350645A,CUMIA SUPERIORE,,0,035_0_A,035_01
35,FERIALE,350815A,CUMIA SUPERIORE,,0,035_0_A,035_01
35,FERIALE,351245A,CUMIA SUPERIORE,,0,035_0_A,035_01
38,FERIALE,381225A,MITO,,0,038_1_A,038_01
35,FERIALE,351025R,VILLA DANTE,,1,035_1_R,035_01
35,FERIALE,350910R,VILLA DANTE,,1,035_1_R,035_01
35,FERIALE,352225R,STAZIONE CENTRALE,,1,035_0_R,035_01
35,FERIALE,352105R,STAZIONE CENTRALE,,1,035_0_R,035_01
35,FERIALE,351940R,STAZIONE CENTRALE,,1,035_0_R,035_01
35,FERIALE,351805R,STAZIONE CENTRALE,,1,035_0_R,035_01
35,FERIALE,351630R,STAZIONE CENTRALE,,1,035_0_R,035_01
35,FERIALE,351500R,STAZIONE CENTRALE,,1,035_0_R,035_01
35,FERIALE,351330R,STAZIONE CENTRALE,,1,035_0_R,035_01
35,FERIALE,351140R,STAZIONE CENTRALE,,1,035_0_R,035_01
35,FERIALE,350720R,STAZIONE CENTRALE,,1,035_0_R,035_01
35,FERIALE,350605R,STAZIONE CENTRALE,,1,035_0_R,035_01
38,FERIALE,381650A,MITO,,0,038_0_A,038_01
38,FERIALE,381525A,MITO,,0,038_0_A,038_01
38,FERIALE,381400A,MITO,,0,038_0_A,038_01
38,FERIALE,380630A,MITO,,0,038_0_A,038_01
38,FERIALE,380750A,MITO,,0,038_0_A,038_01
38,FERIALE,380530A,MITO,,0,038_0_A,038_01
38,FERIALE,381305R,STAZIONE CENTRALE,,1,038_0_R,038_01
38,FERIALE,381445R,STAZIONE CENTRALE,,1,038_0_R,038_01
38,FERIALE,381610R,STAZIONE CENTRALE,,1,038_0_R,038_01
38,FERIALE,381735R,STAZIONE CENTRALE,,1,038_0_R,038_01
38,FERIALE,381905R,STAZIONE CENTRALE,,1,038_0_R,038_01
38,FERIALE,382030R,STAZIONE CENTRALE,,1,038_0_R,038_01
38,FERIALE,382140R,STAZIONE CENTRALE,,1,038_0_R,038_01
38,FERIALE,380835R,VILLA DANTE,,1,038_1_R,038_01
38,FERIALE,380940R,VILLA DANTE,,1,038_1_R,038_01
38,FERIALE,381115A,MITO,,0,038_1_A,038_01
38,FERIALE,381015A,MITO,,0,038_1_A,038_01
38,FERIALE,380910A,MITO,,0,038_1_A,038_01
38,FERIALE,382110A,MITO,,0,038_0_A,038_01
38,FERIALE,381950A,MITO,,0,038_0_A,038_01
38,FERIALE,381820A,MITO,,0,038_0_A,038_01
38,FERIALE,380705R,STAZIONE CENTRALE,,1,038_0_R,038_01
38,FERIALE,380555R,STAZIONE CENTRALE,,1,038_0_R,038_01
39,FERIALE,390645A,MESSINA DUE,,0,039_0_A,039_01
39,FERIALE,391305A,MESSINA DUE,,0,039_1_A,039_01
39,FERIALE,391155A,MESSINA DUE,,0,039_1_A,039_01
39,FERIALE,390800A,MESSINA DUE,,0,039_0_A,039_01
39,FERIALE,391430A,MESSINA DUE,,0,039_0_A,039_01
39,FERIALE,391610A,MESSINA DUE,,0,039_0_A,039_01
39,FERIALE,391040A,MESSINA DUE,,0,039_1_A,039_01
39,FERIALE,390925A,MESSINA DUE,,0,039_1_A,039_01
39,FERIALE,392100A,MESSINA DUE,,0,039_0_A,039_01
39,FERIALE,391930A,MESSINA DUE,,0,039_0_A,039_01
39,FERIALE,391745A,MESSINA DUE,,0,039_0_A,039_01
39,FERIALE,390715R,STAZIONE CENTRALE,,1,039_0_R,039_01
39,FERIALE,391230R,VILLA DANTE,,1,039_1_R,039_01
39,FERIALE,390845R,VILLA DANTE,,1,039_1_R,039_01
39,FERIALE,391000R,VILLA DANTE,,1,039_1_R,039_01
39,FERIALE,391115R,VILLA DANTE,,1,039_1_R,039_01
39,FERIALE,392140R,STAZIONE CENTRALE,,1,039_0_R,039_01
39,FERIALE,392010R,STAZIONE CENTRALE,,1,039_0_R,039_01
39,FERIALE,391830R,STAZIONE CENTRALE,,1,039_0_R,039_01
39,FERIALE,391655R,STAZIONE CENTRALE,,1,039_0_R,039_01
39,FERIALE,391515R,STAZIONE CENTRALE,,1,039_0_R,039_01
39,FERIALE,391340R,STAZIONE CENTRALE,,1,039_0_R,039_01
41,FERIALE,410540A,CATARRATTI,,0,041_0_A,041_01
41,FERIALE,410635A,CATARRATTI,,0,041_0_A,041_01
41,FERIALE,410810A,CATARRATTI,,0,041_0_A,041_01
41,FERIALE,410935A,CATARRATTI,,0,041_0_A,041_01
41,FERIALE,411100A,CATARRATTI,,0,041_0_A,041_01
41,FERIALE,411225A,CATARRATTI,,0,041_0_A,041_01
41,FERIALE,411410A,CATARRATTI,,0,041_0_A,041_01
41,FERIALE,411610A,CATARRATTI,,0,041_0_A,041_01
41,FERIALE,411750A,CATARRATTI,,0,041_0_A,041_01
41,FERIALE,411915A,CATARRATTI,,0,041_0_A,041_01
41,FERIALE,412015A,CATARRATTI,,0,041_0_A,041_01
41,FERIALE,411300R,STAZIONE CENTRALE,,1,041_1_R,041_01
41,FERIALE,411450R,STAZIONE CENTRALE,,1,041_1_R,041_01
41,FERIALE,411650R,STAZIONE CENTRALE,,1,041_1_R,041_01
41,FERIALE,410845R,STAZIONE CENTRALE,,1,041_1_R,041_01
41,FERIALE,410700R,STAZIONE CENTRALE,,1,041_1_R,041_01
41,FERIALE,410600R,STAZIONE CENTRALE,,1,041_1_R,041_01
41,FERIALE,411010R,STAZIONE CENTRALE,,1,041_0_R,041_01
41,FERIALE,411135R,STAZIONE CENTRALE,,1,041_0_R,041_01
41,FERIALE,411825R,STAZIONE CENTRALE,,1,041_0_R,041_01
41,FERIALE,411945R,STAZIONE CENTRALE,,1,041_0_R,041_01
41,FERIALE,412040R,STAZIONE CENTRALE,,1,041_0_R,041_01
43,FERIALE,430510A,PIETRO CASTELLI,,0,043_0_A,043_01
43,FERIALE,430625A,PIETRO CASTELLI,,0,043_0_A,043_01
43,FERIALE,430755A,PIETRO CASTELLI,,0,043_0_A,043_01
43,FERIALE,430940A,PIETRO CASTELLI,,0,043_0_A,043_01
43,FERIALE,431130A,PIETRO CASTELLI,,0,043_0_A,043_01
43,FERIALE,431320A,PIETRO CASTELLI,,0,043_0_A,043_01
43,FERIALE,431500A,PIETRO CASTELLI,,0,043_0_A,043_01
43,FERIALE,431640A,PIETRO CASTELLI,,0,043_0_A,043_01
43,FERIALE,431825A,PIETRO CASTELLI,,0,043_0_A,043_01
43,FERIALE,432010A,PIETRO CASTELLI,,0,043_0_A,043_01
43,FERIALE,432150A,PIETRO CASTELLI,,0,043_0_A,043_01
43,FERIALE,430540R,STAZIONE CENTRALE,,1,043_0_R,043_01
43,FERIALE,430700R,STAZIONE CENTRALE,,1,043_0_R,043_01
43,FERIALE,430840R,STAZIONE CENTRALE,,1,043_0_R,043_01
43,FERIALE,431025R,STAZIONE CENTRALE,,1,043_0_R,043_01
43,FERIALE,431215R,STAZIONE CENTRALE,,1,043_0_R,043_01
43,FERIALE,431405R,STAZIONE CENTRALE,,1,043_0_R,043_01
43,FERIALE,431545R,STAZIONE CENTRALE,,1,043_0_R,043_01
43,FERIALE,431725R,STAZIONE CENTRALE,,1,043_0_R,043_01
43,FERIALE,431910R,STAZIONE CENTRALE,,1,043_0_R,043_01
43,FERIALE,432055R,STAZIONE CENTRALE,,1,043_0_R,043_01
43,FERIALE,432235R,STAZIONE CENTRALE,,1,043_0_R,043_01
45,FERIALE,450410A,PORTELLA ARENA,,0,045_0_A,045_01
45,FERIALE,450520A,PORTELLA ARENA,,0,045_0_A,045_01
45,FERIALE,450630A,PORTELLA ARENA,,0,045_0_A,045_01
45,FERIALE,450805A,PORTELLA ARENA,,0,045_0_A,045_01
45,FERIALE,450945A,PORTELLA ARENA,,0,045_0_A,045_01
45,FERIALE,451125A,PORTELLA ARENA,,0,045_0_A,045_01
45,FERIALE,451305A,PORTELLA ARENA,,0,045_0_A,045_01
45,FERIALE,451445A,PORTELLA ARENA,,0,045_0_A,045_01
45,FERIALE,451610A,PORTELLA ARENA,,0,045_0_A,045_01
45,FERIALE,451730A,PORTELLA ARENA,,0,045_0_A,045_01
45,FERIALE,451905A,PORTELLA ARENA,,0,045_0_A,045_01
45,FERIALE,452035A,PORTELLA ARENA,,0,045_0_A,045_01
45,FERIALE,450440R,STAZIONE CENTRALE,,1,045_0_R,045_01
45,FERIALE,450550R,STAZIONE CENTRALE,,1,045_0_R,045_01
45,FERIALE,450700R,STAZIONE CENTRALE,,1,045_0_R,045_01
45,FERIALE,450840R,STAZIONE CENTRALE,,1,045_0_R,045_01
45,FERIALE,451020R,STAZIONE CENTRALE,,1,045_0_R,045_01
45,FERIALE,451200R,STAZIONE CENTRALE,,1,045_0_R,045_01
45,FERIALE,451340R,STAZIONE CENTRALE,,1,045_0_R,045_01
45,FERIALE,451515R,STAZIONE CENTRALE,,1,045_0_R,045_01
45,FERIALE,451640R,STAZIONE CENTRALE,,1,045_0_R,045_01
45,FERIALE,451805R,STAZIONE CENTRALE,,1,045_0_R,045_01
45,FERIALE,451940R,STAZIONE CENTRALE,,1,045_0_R,045_01
45,FERIALE,452110R,STAZIONE CENTRALE,,1,045_0_R,045_01
48,FERIALE,480500A,IGNATIANUM,,0,048_0_A,048_01
48,FERIALE,480605A,IGNATIANUM,,0,048_0_A,048_01
48,FERIALE,480720A,IGNATIANUM,,0,048_0_A,048_01
48,FERIALE,480845A,IGNATIANUM,,0,048_0_A,048_01
48,FERIALE,481010A,IGNATIANUM,,0,048_0_A,048_01
48,FERIALE,481135A,IGNATIANUM,,0,048_0_A,048_01
48,FERIALE,481300A,IGNATIANUM,,0,048_0_A,048_01
48,FERIALE,481425A,IGNATIANUM,,0,048_0_A,048_01
48,FERIALE,481540A,IGNATIANUM,,0,048_0_A,048_01
48,FERIALE,481705A,IGNATIANUM,,0,048_0_A,048_01
48,FERIALE,481830A,IGNATIANUM,,0,048_0_A,048_01
48,FERIALE,481955A,IGNATIANUM,,0,048_0_A,048_01
48,FERIALE,482110A,IGNATIANUM,,0,048_0_A,048_01
48,FERIALE,482215A,IGNATIANUM,,0,048_0_A,048_01
48,FERIALE,480530R,STAZIONE CENTRALE,,1,048_0_R,048_01
48,FERIALE,480640R,STAZIONE CENTRALE,,1,048_0_R,048_01
48,FERIALE,480800R,STAZIONE CENTRALE,,1,048_0_R,048_01
48,FERIALE,480925R,STAZIONE CENTRALE,,1,048_0_R,048_01
48,FERIALE,481050R,STAZIONE CENTRALE,,1,048_0_R,048_01
48,FERIALE,481215R,STAZIONE CENTRALE,,1,048_0_R,048_01
48,FERIALE,481340R,STAZIONE CENTRALE,,1,048_0_R,048_01
48,FERIALE,481500R,STAZIONE CENTRALE,,1,048_0_R,048_01
48,FERIALE,481620R,STAZIONE CENTRALE,,1,048_0_R,048_01
48,FERIALE,481745R,STAZIONE CENTRALE,,1,048_0_R,048_01
48,FERIALE,481910R,STAZIONE CENTRALE,,1,048_0_R,048_01
48,FERIALE,482030R,STAZIONE CENTRALE,,1,048_0_R,048_01
48,FERIALE,482140R,STAZIONE CENTRALE,,1,048_0_R,048_01
48,FERIALE,482240R,STAZIONE CENTRALE,,1,048_0_R,048_01
49,FERIALE,490525A,CITOLA,,0,049_0_A,049_01
49,FERIALE,490650A,CITOLA,,0,049_0_A,049_01
49,FERIALE,490810A,CITOLA,,0,049_0_A,049_01
49,FERIALE,490945A,CITOLA,,0,049_0_A,049_01
49,FERIALE,491120A,CITOLA,,0,049_0_A,049_01
49,FERIALE,491255A,CITOLA,,0,049_0_A,049_01
49,FERIALE,491430A,CITOLA,,0,049_0_A,049_01
49,FERIALE,491555A,CITOLA,,0,049_0_A,049_01
49,FERIALE,491715A,CITOLA,,0,049_0_A,049_01
49,FERIALE,491850A,CITOLA,,0,049_0_A,049_01
49,FERIALE,492020A,CITOLA,,0,049_0_A,049_01
49,FERIALE,492145A,CITOLA,,0,049_0_A,049_01
49,FERIALE,490600R,STAZIONE CENTRALE,,1,049_0_R,049_01
49,FERIALE,490725R,STAZIONE CENTRALE,,1,049_0_R,049_01
49,FERIALE,490850R,STAZIONE CENTRALE,,1,049_0_R,049_01
49,FERIALE,491025R,STAZIONE CENTRALE,,1,049_0_R,049_01
49,FERIALE,491200R,STAZIONE CENTRALE,,1,049_0_R,049_01
49,FERIALE,491335R,STAZIONE CENTRALE,,1,049_0_R,049_01
49,FERIALE,491505R,STAZIONE CENTRALE,,1,049_0_R,049_01
49,FERIALE,491630R,STAZIONE CENTRALE,,1,049_0_R,049_01
49,FERIALE,491755R,STAZIONE CENTRALE,,1,049_0_R,049_01
49,FERIALE,491930R,STAZIONE CENTRALE,,1,049_0_R,049_01
49,FERIALE,492055R,STAZIONE CENTRALE,,1,049_0_R,049_01
49,FERIALE,492220R,STAZIONE CENTRALE,,1,049_0_R,049_01
50,FERIALE,500440A,SAN MICHELE,,0,050_0_A,050_01
50,FERIALE,500535A,SAN MICHELE,,0,050_0_A,050_01
50,FERIALE,500650A,SAN MICHELE,,0,050_0_A,050_01
50,FERIALE,500830A,SAN MICHELE,,0,050_0_A,050_01
50,FERIALE,501015A,SAN MICHELE,,0,050_0_A,050_01
50,FERIALE,501205A,SAN MICHELE,,0,050_0_A,050_01
50,FERIALE,501405A,SAN MICHELE,,0,050_0_A,050_01
50,FERIALE,501555A,SAN MICHELE,,0,050_0_A,050_01
50,FERIALE,501750A,SAN MICHELE,,0,050_0_A,050_01
50,FERIALE,501950A,SAN MICHELE,,0,050_0_A,050_01
50,FERIALE,500500R,STAZIONE CENTRALE,,1,050_0_R,050_01
50,FERIALE,500605R,STAZIONE CENTRALE,,1,050_0_R,050_01
50,FERIALE,500735R,STAZIONE CENTRALE,,1,050_0_R,050_01
50,FERIALE,500920R,STAZIONE CENTRALE,,1,050_0_R,050_01
50,FERIALE,501100R,STAZIONE CENTRALE,,1,050_0_R,050_01
50,FERIALE,501300R,STAZIONE CENTRALE,,1,050_0_R,050_01
50,FERIALE,501455R,STAZIONE CENTRALE,,1,050_0_R,050_01
50,FERIALE,501650R,STAZIONE CENTRALE,,1,050_0_R,050_01
50,FERIALE,501850R,STAZIONE CENTRALE,,1,050_0_R,050_01
50,FERIALE,502045R,STAZIONE CENTRALE,,1,050_0_R,050_01
51,FERIALE,510430A,CASA NOSTRA,,0,051_0_A,051_01
51,FERIALE,510520A,CASA NOSTRA,,0,051_0_A,051_01
51,FERIALE,510620A,CASA NOSTRA,,0,051_0_A,051_01
51,FERIALE,510740A,CASA NOSTRA,,0,051_0_A,051_01
51,FERIALE,510900A,CASA NOSTRA,,0,051_0_A,051_01
51,FERIALE,511020A,CASA NOSTRA,,0,051_0_A,051_01
51,FERIALE,511140A,CASA NOSTRA,,0,051_0_A,051_01
51,FERIALE,511300A,CASA NOSTRA,,0,051_0_A,051_01
51,FERIALE,511420A,CASA NOSTRA,,0,051_0_A,051_01
51,FERIALE,511525A,CASA NOSTRA,,0,051_0_A,051_01
51,FERIALE,511630A,CASA NOSTRA,,0,051_0_A,051_01
51,FERIALE,511740A,CASA NOSTRA,,0,051_0_A,051_01
51,FERIALE,511900A,CASA NOSTRA,,0,051_0_A,051_01
51,FERIALE,512015A,CASA NOSTRA,,0,051_0_A,051_01
51,FERIALE,512120A,CASA NOSTRA,,0,051_0_A,051_01
51,FERIALE,510450R,STAZIONE CENTRALE,,1,051_0_R,051_01
51,FERIALE,510550R,STAZIONE CENTRALE,,1,051_0_R,051_01
51,FERIALE,510655R,STAZIONE CENTRALE,,1,051_0_R,051_01
51,FERIALE,510815R,STAZIONE CENTRALE,,1,051_0_R,051_01
51,FERIALE,510935R,STAZIONE CENTRALE,,1,051_0_R,051_01
51,FERIALE,511055R,STAZIONE CENTRALE,,1,051_0_R,051_01
51,FERIALE,511215R,STAZIONE CENTRALE,,1,051_0_R,051_01
51,FERIALE,511335R,STAZIONE CENTRALE,,1,051_0_R,051_01
51,FERIALE,511450R,STAZIONE CENTRALE,,1,051_0_R,051_01
51,FERIALE,511555R,STAZIONE CENTRALE,,1,051_0_R,051_01
51,FERIALE,511700R,STAZIONE CENTRALE,,1,051_0_R,051_01
51,FERIALE,511815R,STAZIONE CENTRALE,,1,051_0_R,051_01
51,FERIALE,511935R,STAZIONE CENTRALE,,1,051_0_R,051_01
51,FERIALE,512045R,STAZIONE CENTRALE,,1,051_0_R,051_01
51,FERIALE,512150R,STAZIONE CENTRALE,,1,051_0_R,051_01
53,FERIALE,530900A,VILLA LINA,,0,053_0_A,053_02
53,FERIALE,530600R,STAZIONE CENTRALE,,1,053_0_R,053_01
53,FERIALE,531635A,VILLA LINA,,0,053_0_A,053_02
53,FERIALE,531145A,VILLA LINA,,0,053_0_A,053_02
103,FESTIVO,F032400A,ISTITUTO MARINO,,0,103_0_A,103_01
53,FERIALE,531255R,STAZIONE CENTRALE,,1,053_0_R,053_01
53,FERIALE,531125R,STAZIONE CENTRALE,,1,053_0_R,053_01
53,FERIALE,530955R,STAZIONE CENTRALE,,1,053_0_R,053_01
53,FERIALE,530825R,STAZIONE CENTRALE,,1,053_0_R,053_01
53,FERIALE,530710R,STAZIONE CENTRALE,,1,053_0_R,053_01
53,FERIALE,531425R,STAZIONE CENTRALE,,1,053_0_R,053_01
53,FERIALE,532150R,STAZIONE CENTRALE,,1,053_0_R,053_01
53,FERIALE,532030R,STAZIONE CENTRALE,,1,053_0_R,053_01
53,FERIALE,531900R,STAZIONE CENTRALE,,1,053_0_R,053_01
53,FERIALE,531730R,STAZIONE CENTRALE,,1,053_0_R,053_01
53,FERIALE,531555R,STAZIONE CENTRALE,,1,053_0_R,053_01
53,FERIALE,530500R,STAZIONE CENTRALE,,1,053_0_R,053_01
53,FERIALE,530915A,VILLA LINA,,0,053_0_A,053_01
53,FERIALE,530750A,VILLA LINA,,0,053_0_A,053_01
53,FERIALE,530640A,VILLA LINA,,0,053_0_A,053_01
53,FERIALE,531215A,VILLA LINA,,0,053_0_A,053_01
53,FERIALE,531510A,VILLA LINA,,0,053_0_A,053_01
53,FERIALE,531650A,VILLA LINA,,0,053_0_A,053_01
53,FERIALE,531950A,VILLA LINA,,0,053_0_A,053_01
103,FESTIVO,F032500A,ISTITUTO MARINO,,0,103_0_A,103_04
103,FESTIVO,F032500R,STAZIONE CENTRALE,,1,103_0_R,103_01
53,FERIALE,532115A,VILLA LINA,,0,053_0_A,053_01
53,FERIALE,531020A,VILLA LINA,,0,053_0_A,053_02
53,FERIALE,530440A,VILLA LINA,,0,053_0_A,053_01
53,FERIALE,530535A,VILLA LINA,,0,053_0_A,053_01
53,FERIALE,531535A,VILLA LINA,,0,053_2_A,053_02
53,FERIALE,531800A,VILLA LINA,,0,053_0_A,053_02
53,FERIALE,531330A,VILLA LINA,,0,053_0_A,053_02
103,FESTIVO,F032400R,STAZIONE CENTRALE,,1,103_0_R,103_04
60,FERIALE,600615A,CITTA' NUOVA,,0,060_0_A,060_01
60,FERIALE,600525A,CITTA' NUOVA,,0,060_0_A,060_01
60,FERIALE,601840A,CITTA' NUOVA,,0,060_0_A,060_01
60,FERIALE,600705A,CITTA' NUOVA,,0,060_0_A,060_01
60,FERIALE,600810A,CITTA' NUOVA,,0,060_0_A,060_01
60,FERIALE,600915A,CITTA' NUOVA,,0,060_0_A,060_01
60,FERIALE,601020A,CITTA' NUOVA,,0,060_0_A,060_01
60,FERIALE,601125A,CITTA' NUOVA,,0,060_0_A,060_01
60,FERIALE,601220A,CITTA' NUOVA,,0,060_0_A,060_01
60,FERIALE,601320A,CITTA' NUOVA,,0,060_0_A,060_01
60,FERIALE,601420A,CITTA' NUOVA,,0,060_0_A,060_01
60,FERIALE,601515A,CITTA' NUOVA,,0,060_0_A,060_01
60,FERIALE,601605A,CITTA' NUOVA,,0,060_0_A,060_01
60,FERIALE,601655A,CITTA' NUOVA,,0,060_0_A,060_01
60,FERIALE,601750A,CITTA' NUOVA,,0,060_0_A,060_01
60,FERIALE,600545R,STAZIONE CENTRALE,,1,060_0_R,060_01
60,FERIALE,600635R,STAZIONE CENTRALE,,1,060_0_R,060_01
60,FERIALE,601910R,STAZIONE CENTRALE,,1,060_0_R,060_01
60,FERIALE,600730R,STAZIONE CENTRALE,,1,060_0_R,060_01
60,FERIALE,600840R,STAZIONE CENTRALE,,1,060_0_R,060_01
60,FERIALE,600945R,STAZIONE CENTRALE,,1,060_0_R,060_01
60,FERIALE,601050R,STAZIONE CENTRALE,,1,060_0_R,060_01
60,FERIALE,601150R,STAZIONE CENTRALE,,1,060_0_R,060_01
60,FERIALE,601245R,STAZIONE CENTRALE,,1,060_0_R,060_01
60,FERIALE,601350R,STAZIONE CENTRALE,,1,060_0_R,060_01
60,FERIALE,601445R,STAZIONE CENTRALE,,1,060_0_R,060_01
60,FERIALE,601540R,STAZIONE CENTRALE,,1,060_0_R,060_01
60,FERIALE,601630R,STAZIONE CENTRALE,,1,060_0_R,060_01
60,FERIALE,601720R,STAZIONE CENTRALE,,1,060_0_R,060_01
60,FERIALE,601815R,STAZIONE CENTRALE,,1,060_0_R,060_01
70,FERIALE,700450A,GESSO,,0,070_1_A,070_01
70,FERIALE,700845A,GESSO,,0,070_1_A,070_01
70,FERIALE,700640A,GESSO,,0,070_1_A,070_01
70,FERIALE,701105A,GESSO,,0,070_1_A,070_01
70,FERIALE,701325A,GESSO,,0,070_1_A,070_01
70,FERIALE,701510A,GESSO,,0,070_1_A,070_01
70,FERIALE,701710A,GESSO,,0,070_1_A,070_01
70,FERIALE,702015R,STAZIONE CENTRALE,,1,070_1_R,070_01
70,FERIALE,700730R,STAZIONE CENTRALE,,1,070_1_R,070_01
70,FERIALE,700950R,STAZIONE CENTRALE,,1,070_1_R,070_01
70,FERIALE,701220R,STAZIONE CENTRALE,,1,070_1_R,070_01
70,FERIALE,701420R,STAZIONE CENTRALE,,1,070_1_R,070_01
70,FERIALE,701605R,STAZIONE CENTRALE,,1,070_1_R,070_01
70,FERIALE,701810R,STAZIONE CENTRALE,,1,070_1_R,070_01
79,FERIALE,790405A,ISTITUTO MARINO,,0,079_0_A,079_01
79,FERIALE,790535A,ISTITUTO MARINO,,0,079_0_A,079_01
79,FERIALE,790735A,ISTITUTO MARINO,,0,079_0_A,079_01
79,FERIALE,790935A,ISTITUTO MARINO,,0,079_0_A,079_01
79,FERIALE,791135A,ISTITUTO MARINO,,0,079_0_A,079_01
79,FERIALE,791335A,ISTITUTO MARINO,,0,079_0_A,079_01
79,FERIALE,791535A,ISTITUTO MARINO,,0,079_0_A,079_01
79,FERIALE,791735A,ISTITUTO MARINO,,0,079_0_A,079_01
79,FERIALE,791935A,ISTITUTO MARINO,,0,079_0_A,079_01
79,FERIALE,790450R,STAZIONE CENTRALE,,1,079_0_R,079_01
79,FERIALE,792035R,STAZIONE CENTRALE,,1,079_0_R,079_01
79,FERIALE,791835R,STAZIONE CENTRALE,,1,079_0_R,079_01
79,FERIALE,791635R,STAZIONE CENTRALE,,1,079_0_R,079_01
79,FERIALE,791435R,STAZIONE CENTRALE,,1,079_0_R,079_01
79,FERIALE,791235R,STAZIONE CENTRALE,,1,079_0_R,079_01
79,FERIALE,791035R,STAZIONE CENTRALE,,1,079_0_R,079_01
79,FERIALE,790835R,STAZIONE CENTRALE,,1,079_0_R,079_01
79,FERIALE,790635R,STAZIONE CENTRALE,,1,079_0_R,079_01
79,FERIALE,792005A,ISTITUTO MARINO,,0,079_0_A,079_02
79,FERIALE,791805A,ISTITUTO MARINO,,0,079_0_A,079_02
79,FERIALE,791605A,ISTITUTO MARINO,,0,079_0_A,079_02
79,FERIALE,791405A,ISTITUTO MARINO,,0,079_0_A,079_02
79,FERIALE,791205A,ISTITUTO MARINO,,0,079_0_A,079_02
79,FERIALE,791005A,ISTITUTO MARINO,,0,079_0_A,079_02
79,FERIALE,790805A,ISTITUTO MARINO,,0,079_0_A,079_02
79,FERIALE,790605A,ISTITUTO MARINO,,0,079_0_A,079_02
79,FERIALE,790435A,ISTITUTO MARINO,,0,079_0_A,079_02
79,FERIALE,790520R,STAZIONE CENTRALE,,1,079_0_R,079_02
79,FERIALE,790705R,STAZIONE CENTRALE,,1,079_0_R,079_02
79,FERIALE,790905R,STAZIONE CENTRALE,,1,079_0_R,079_02
79,FERIALE,791105R,STAZIONE CENTRALE,,1,079_0_R,079_02
79,FERIALE,791305R,STAZIONE CENTRALE,,1,079_0_R,079_02
79,FERIALE,791505R,STAZIONE CENTRALE,,1,079_0_R,079_02
79,FERIALE,791705R,STAZIONE CENTRALE,,1,079_0_R,079_02
79,FERIALE,791905R,STAZIONE CENTRALE,,1,079_0_R,079_02
79,FERIALE,792105R,STAZIONE CENTRALE,,1,079_0_R,079_02
79,FERIALE,792035A,ISTITUTO MARINO,,0,079_0_A,079_03
79,FERIALE,791835A,ISTITUTO MARINO,,0,079_0_A,079_03
79,FERIALE,791635A,ISTITUTO MARINO,,0,079_0_A,079_03
79,FERIALE,791435A,ISTITUTO MARINO,,0,079_0_A,079_03
79,FERIALE,790505A,ISTITUTO MARINO,,0,079_0_A,079_03
79,FERIALE,790635A,ISTITUTO MARINO,,0,079_0_A,079_03
79,FERIALE,790835A,ISTITUTO MARINO,,0,079_0_A,079_03
79,FERIALE,791035A,ISTITUTO MARINO,,0,079_0_A,079_03
79,FERIALE,791235A,ISTITUTO MARINO,,0,079_0_A,079_03
79,FERIALE,790550R,STAZIONE CENTRALE,,1,079_0_R,079_03
79,FERIALE,790735R,STAZIONE CENTRALE,,1,079_0_R,079_03
79,FERIALE,790935R,STAZIONE CENTRALE,,1,079_0_R,079_03
79,FERIALE,791135R,STAZIONE CENTRALE,,1,079_0_R,079_03
79,FERIALE,791335R,STAZIONE CENTRALE,,1,079_0_R,079_03
79,FERIALE,791535R,STAZIONE CENTRALE,,1,079_0_R,079_03
79,FERIALE,791735R,STAZIONE CENTRALE,,1,079_0_R,079_03
79,FERIALE,791935R,STAZIONE CENTRALE,,1,079_0_R,079_03
79,FERIALE,792135R,STAZIONE CENTRALE,,1,079_0_R,079_03
79,FERIALE,790905A,ISTITUTO MARINO,,0,079_0_A,079_04
79,FERIALE,791105A,ISTITUTO MARINO,,0,079_0_A,079_04
79,FERIALE,791305A,ISTITUTO MARINO,,0,079_0_A,079_04
79,FERIALE,791505A,ISTITUTO MARINO,,0,079_0_A,079_04
79,FERIALE,791705A,ISTITUTO MARINO,,0,079_0_A,079_04
79,FERIALE,791805R,STAZIONE CENTRALE,,1,079_0_R,079_04
79,FERIALE,791605R,STAZIONE CENTRALE,,1,079_0_R,079_04
79,FERIALE,791405R,STAZIONE CENTRALE,,1,079_0_R,079_04
79,FERIALE,791205R,STAZIONE CENTRALE,,1,079_0_R,079_04
79,FERIALE,791005R,STAZIONE CENTRALE,,1,079_0_R,079_04
79,FERIALE,790705A,ISTITUTO MARINO,,0,079_0_A,079_04
79,FERIALE,792125A,ISTITUTO MARINO,,0,079_0_A,079_05
79,FERIALE,792225R,STAZIONE CENTRALE,,1,079_0_R,079_05
79,FERIALE,790805R,STAZIONE CENTRALE,,1,079_0_R,079_04
32,FERIALE,320400A,SAN FILIPPO SUP.,,0,032_0_A,032_01
80,FERIALE,802220A,ACQUALADRONE,,0,080_0_A,080_01
80,FERIALE,802035A,ACQUALADRONE,,0,080_0_A,080_01
80,FERIALE,801825A,ACQUALADRONE,,0,080_0_A,080_01
80,FERIALE,801620A,ACQUALADRONE,,0,080_0_A,080_01
80,FERIALE,801405A,ACQUALADRONE,,0,080_0_A,080_01
80,FERIALE,801200A,ACQUALADRONE,,0,080_0_A,080_01
80,FERIALE,800945A,ACQUALADRONE,,0,080_0_A,080_01
80,FERIALE,800735A,ACQUALADRONE,,0,080_0_A,080_01
81,FERIALE,810435A,PONTE GALLO,,0,081_0_A,081_01
81,FERIALE,810700A,PONTE GALLO,,0,081_0_A,081_01
81,FERIALE,811010A,PONTE GALLO,,0,081_0_A,081_01
81,FERIALE,811320A,PONTE GALLO,,0,081_0_A,081_01
81,FERIALE,811635A,PONTE GALLO,,0,081_0_A,081_01
81,FERIALE,811950A,PONTE GALLO,,0,081_0_A,081_01
81,FERIALE,810515A,PONTE GALLO,,0,081_0_A,081_02
81,FERIALE,810800A,PONTE GALLO,,0,081_0_A,081_02
81,FERIALE,811100A,PONTE GALLO,,0,081_0_A,081_02
81,FERIALE,811405A,PONTE GALLO,,0,081_0_A,081_02
81,FERIALE,811720A,PONTE GALLO,,0,081_0_A,081_02
81,FERIALE,812040A,PONTE GALLO,,0,081_0_A,081_02
81,FERIALE,810540A,PONTE GALLO,,0,081_0_A,081_03
81,FERIALE,810835A,PONTE GALLO,,0,081_0_A,081_03
81,FERIALE,811135A,PONTE GALLO,,0,081_0_A,081_03
81,FERIALE,811440A,PONTE GALLO,,0,081_0_A,081_03
81,FERIALE,811755A,PONTE GALLO,,0,081_0_A,081_03
81,FERIALE,812100A,PONTE GALLO,,0,081_0_A,081_03
81,FERIALE,812235R,STAZIONE CENTRALE,,1,081_0_R,081_03
81,FERIALE,811920R,STAZIONE CENTRALE,,1,081_0_R,081_03
81,FERIALE,811605R,STAZIONE CENTRALE,,1,081_0_R,081_03
81,FERIALE,811300R,STAZIONE CENTRALE,,1,081_0_R,081_03
81,FERIALE,810955R,STAZIONE CENTRALE,,1,081_0_R,081_03
81,FERIALE,810655R,STAZIONE CENTRALE,,1,081_0_R,081_03
81,FERIALE,810630R,STAZIONE CENTRALE,,1,081_0_R,081_02
81,FERIALE,810925R,STAZIONE CENTRALE,,1,081_0_R,081_02
81,FERIALE,811225R,STAZIONE CENTRALE,,1,081_0_R,081_02
81,FERIALE,811545R,STAZIONE CENTRALE,,1,081_0_R,081_02
81,FERIALE,811855R,STAZIONE CENTRALE,,1,081_0_R,081_02
81,FERIALE,812210R,STAZIONE CENTRALE,,1,081_0_R,081_02
81,FERIALE,810535R,STAZIONE CENTRALE,,1,081_0_R,081_01
81,FERIALE,810830R,STAZIONE CENTRALE,,1,081_0_R,081_01
81,FERIALE,811140R,STAZIONE CENTRALE,,1,081_0_R,081_01
81,FERIALE,811500R,STAZIONE CENTRALE,,1,081_0_R,081_01
81,FERIALE,811820R,STAZIONE CENTRALE,,1,081_0_R,081_01
81,FERIALE,812120R,STAZIONE CENTRALE,,1,081_0_R,081_01
4,FERIALE,050520A,PEZZOLO,,0,005_0_A,005_01
4,FERIALE,050600R,Z.I.R.,,1,005_0_R,005_01
4,FERIALE,050705A,PEZZOLO,,0,005_0_A,005_01
4,FERIALE,051005R,Z.I.R.,,1,005_0_R,005_01
4,FERIALE,052050R,STAZIONE CENTRALE,,1,005_3_R,005_01
4,FERIALE,051825R,STAZIONE CENTRALE,,1,005_3_R,005_01
4,FERIALE,051115A,PEZZOLO,,0,005_0_A,005_01
100,FERIALE,TR0515A,MUSEO,,0,100_0_A,100_01
100,FERIALE,TR0530A,MUSEO,,0,100_0_A,100_02
100,FERIALE,TR0545A,MUSEO,,0,100_0_A,100_03
100,FERIALE,TR0600A,MUSEO,,0,100_0_A,100_04
100,FERIALE,TR0615A,MUSEO,,0,100_0_A,100_05
100,FERIALE,TR0630A,MUSEO,,0,100_0_A,100_06
100,FERIALE,TR0637A,MUSEO,,0,100_0_A,100_07
100,FERIALE,TR0645A,MUSEO,,0,100_0_A,100_01
100,FERIALE,TR0700A,MUSEO,,0,100_0_A,100_02
100,FERIALE,TR0715A,MUSEO,,0,100_0_A,100_03
100,FERIALE,TR0722A,MUSEO,,0,100_0_A,100_08
100,FERIALE,TR0730A,MUSEO,,0,100_0_A,100_04
100,FERIALE,TR0745A,MUSEO,,0,100_0_A,100_05
100,FERIALE,TR0800A,MUSEO,,0,100_0_A,100_06
100,FERIALE,TR0807A,MUSEO,,0,100_0_A,100_07
100,FERIALE,TR0815A,MUSEO,,0,100_0_A,100_01
100,FERIALE,TR0830A,MUSEO,,0,100_0_A,100_02
100,FERIALE,TR0845A,MUSEO,,0,100_0_A,100_03
100,FERIALE,TR0852A,MUSEO,,0,100_0_A,100_08
100,FERIALE,TR0900A,MUSEO,,0,100_0_A,100_04
100,FERIALE,TR0915A,MUSEO,,0,100_0_A,100_05
100,FERIALE,TR0930A,MUSEO,,0,100_0_A,100_06
100,FERIALE,TR0945A,MUSEO,,0,100_0_A,100_01
100,FERIALE,TR1000A,MUSEO,,0,100_0_A,100_02
100,FERIALE,TR1015A,MUSEO,,0,100_0_A,100_03
100,FERIALE,TR1030A,MUSEO,,0,100_0_A,100_04
100,FERIALE,TR1045A,MUSEO,,0,100_0_A,100_05
100,FERIALE,TR1100A,MUSEO,,0,100_0_A,100_06
100,FERIALE,TR1115A,MUSEO,,0,100_0_A,100_01
100,FERIALE,TR1130A,MUSEO,,0,100_0_A,100_02
100,FERIALE,TR1145A,MUSEO,,0,100_0_A,100_03
100,FERIALE,TR1200A,MUSEO,,0,100_0_A,100_04
100,FERIALE,TR1215A,MUSEO,,0,100_0_A,100_05
100,FERIALE,TR1230A,MUSEO,,0,100_0_A,100_06
100,FERIALE,TR1237A,MUSEO,,0,100_0_A,100_07
100,FERIALE,TR1245A,MUSEO,,0,100_0_A,100_01
100,FERIALE,TR1300A,MUSEO,,0,100_0_A,100_02
100,FERIALE,TR1307A,MUSEO,,0,100_0_A,100_08
100,FERIALE,TR1315A,MUSEO,,0,100_0_A,100_03
100,FERIALE,TR1330A,MUSEO,,0,100_0_A,100_04
100,FERIALE,TR1345A,MUSEO,,0,100_0_A,100_05
100,FERIALE,TR1400A,MUSEO,,0,100_0_A,100_06
100,FERIALE,TR1415A,MUSEO,,0,100_0_A,100_01
100,FERIALE,TR1430A,MUSEO,,0,100_0_A,100_02
100,FERIALE,TR1445A,MUSEO,,0,100_0_A,100_03
100,FERIALE,TR1500A,MUSEO,,0,100_0_A,100_04
100,FERIALE,TR1515A,MUSEO,,0,100_0_A,100_05
100,FERIALE,TR1530A,MUSEO,,0,100_0_A,100_06
100,FERIALE,TR1545A,MUSEO,,0,100_0_A,100_01
100,FERIALE,TR1600A,MUSEO,,0,100_0_A,100_02
100,FERIALE,TR1615A,MUSEO,,0,100_0_A,100_03
100,FERIALE,TR1630A,MUSEO,,0,100_0_A,100_04
100,FERIALE,TR1645A,MUSEO,,0,100_0_A,100_05
100,FERIALE,TR1700A,MUSEO,,0,100_0_A,100_06
100,FERIALE,TR1715A,MUSEO,,0,100_0_A,100_01
100,FERIALE,TR1730A,MUSEO,,0,100_0_A,100_02
100,FERIALE,TR1745A,MUSEO,,0,100_0_A,100_03
100,FERIALE,TR1800A,MUSEO,,0,100_0_A,100_04
100,FERIALE,TR1815A,MUSEO,,0,100_0_A,100_05
100,FERIALE,TR1830A,MUSEO,,0,100_0_A,100_06
100,FERIALE,TR1845A,MUSEO,,0,100_0_A,100_01
100,FERIALE,TR1900A,MUSEO,,0,100_0_A,100_02
100,FERIALE,TR1915A,MUSEO,,0,100_0_A,100_03
100,FERIALE,TR1930A,MUSEO,,0,100_0_A,100_04
100,FERIALE,TR1945A,MUSEO,,0,100_0_A,100_05
100,FERIALE,TR2000A,MUSEO,,0,100_0_A,100_06
100,FERIALE,TR2015A,MUSEO,,0,100_0_A,100_01
100,FERIALE,TR2030A,MUSEO,,0,100_0_A,100_02
100,FERIALE,TR2045A,MUSEO,,0,100_0_A,100_03
100,FERIALE,TR2100A,MUSEO,,0,100_0_A,100_04
100,FERIALE,TR2115A,MUSEO,,0,100_0_A,100_05
100,FERIALE,TR2130A,MUSEO,,0,100_0_A,100_06
100,FERIALE,TR0600R,BONINO Z.I.R.,,1,100_0_R,100_01
100,FERIALE,TR0615R,BONINO Z.I.R.,,1,100_0_R,100_02
100,FERIALE,TR0630R,BONINO Z.I.R.,,1,100_0_R,100_03
100,FERIALE,TR0645R,BONINO Z.I.R.,,1,100_0_R,100_04
100,FERIALE,TR0700R,BONINO Z.I.R.,,1,100_0_R,100_05
100,FERIALE,TR0715R,BONINO Z.I.R.,,1,100_0_R,100_06
100,FERIALE,TR0722R,BONINO Z.I.R.,,1,100_0_R,100_07
100,FERIALE,TR0730R,BONINO Z.I.R.,,1,100_0_R,100_01
100,FERIALE,TR0745R,BONINO Z.I.R.,,1,100_0_R,100_02
100,FERIALE,TR0800R,BONINO Z.I.R.,,1,100_0_R,100_03
100,FERIALE,TR0807R,BONINO Z.I.R.,,1,100_0_R,100_08
100,FERIALE,TR0815R,BONINO Z.I.R.,,1,100_0_R,100_04
100,FERIALE,TR0830R,BONINO Z.I.R.,,1,100_0_R,100_05
100,FERIALE,TR0845R,BONINO Z.I.R.,,1,100_0_R,100_06
100,FERIALE,TR0852R,BONINO Z.I.R.,,1,100_0_R,100_07
100,FERIALE,TR0900R,BONINO Z.I.R.,,1,100_0_R,100_01
100,FERIALE,TR0915R,BONINO Z.I.R.,,1,100_0_R,100_02
100,FERIALE,TR0930R,BONINO Z.I.R.,,1,100_0_R,100_03
100,FERIALE,TR0937R,BONINO Z.I.R.,,1,100_0_R,100_08
100,FERIALE,TR0945R,BONINO Z.I.R.,,1,100_0_R,100_04
100,FERIALE,TR1000R,BONINO Z.I.R.,,1,100_0_R,100_05
100,FERIALE,TR1015R,BONINO Z.I.R.,,1,100_0_R,100_06
100,FERIALE,TR1030R,BONINO Z.I.R.,,1,100_0_R,100_01
100,FERIALE,TR1045R,BONINO Z.I.R.,,1,100_0_R,100_02
100,FERIALE,TR1100R,BONINO Z.I.R.,,1,100_0_R,100_03
100,FERIALE,TR1115R,BONINO Z.I.R.,,1,100_0_R,100_04
100,FERIALE,TR1130R,BONINO Z.I.R.,,1,100_0_R,100_05
100,FERIALE,TR1145R,BONINO Z.I.R.,,1,100_0_R,100_06
100,FERIALE,TR1200R,BONINO Z.I.R.,,1,100_0_R,100_01
100,FERIALE,TR1215R,BONINO Z.I.R.,,1,100_0_R,100_02
100,FERIALE,TR1230R,BONINO Z.I.R.,,1,100_0_R,100_03
100,FERIALE,TR1245R,BONINO Z.I.R.,,1,100_0_R,100_04
100,FERIALE,TR1300R,BONINO Z.I.R.,,1,100_0_R,100_05
100,FERIALE,TR1315R,BONINO Z.I.R.,,1,100_0_R,100_06
100,FERIALE,TR1322R,BONINO Z.I.R.,,1,100_0_R,100_07
100,FERIALE,TR1330R,BONINO Z.I.R.,,1,100_0_R,100_01
100,FERIALE,TR1345R,BONINO Z.I.R.,,1,100_0_R,100_02
100,FERIALE,TR1352R,BONINO Z.I.R.,,1,100_0_R,100_08
100,FERIALE,TR1400R,BONINO Z.I.R.,,1,100_0_R,100_03
100,FERIALE,TR1415R,BONINO Z.I.R.,,1,100_0_R,100_04
100,FERIALE,TR1430R,BONINO Z.I.R.,,1,100_0_R,100_05
100,FERIALE,TR1445R,BONINO Z.I.R.,,1,100_0_R,100_06
100,FERIALE,TR1500R,BONINO Z.I.R.,,1,100_0_R,100_01
100,FERIALE,TR1515R,BONINO Z.I.R.,,1,100_0_R,100_02
100,FERIALE,TR1530R,BONINO Z.I.R.,,1,100_0_R,100_03
100,FERIALE,TR1545R,BONINO Z.I.R.,,1,100_0_R,100_04
100,FERIALE,TR1600R,BONINO Z.I.R.,,1,100_0_R,100_05
100,FERIALE,TR1615R,BONINO Z.I.R.,,1,100_0_R,100_06
100,FERIALE,TR1630R,BONINO Z.I.R.,,1,100_0_R,100_01
100,FERIALE,TR1645R,BONINO Z.I.R.,,1,100_0_R,100_02
100,FERIALE,TR1700R,BONINO Z.I.R.,,1,100_0_R,100_03
100,FERIALE,TR1715R,BONINO Z.I.R.,,1,100_0_R,100_04
100,FERIALE,TR1730R,BONINO Z.I.R.,,1,100_0_R,100_05
100,FERIALE,TR1745R,BONINO Z.I.R.,,1,100_0_R,100_06
100,FERIALE,TR1800R,BONINO Z.I.R.,,1,100_0_R,100_01
100,FERIALE,TR1815R,BONINO Z.I.R.,,1,100_0_R,100_02
100,FERIALE,TR1830R,BONINO Z.I.R.,,1,100_0_R,100_03
100,FERIALE,TR1845R,BONINO Z.I.R.,,1,100_0_R,100_04
100,FERIALE,TR1900R,BONINO Z.I.R.,,1,100_0_R,100_05
100,FERIALE,TR1915R,BONINO Z.I.R.,,1,100_0_R,100_06
100,FERIALE,TR1930R,BONINO Z.I.R.,,1,100_0_R,100_01
100,FERIALE,TR1945R,BONINO Z.I.R.,,1,100_0_R,100_02
100,FERIALE,TR2000R,BONINO Z.I.R.,,1,100_0_R,100_03
100,FERIALE,TR2015R,BONINO Z.I.R.,,1,100_0_R,100_04
100,FERIALE,TR2030R,BONINO Z.I.R.,,1,100_0_R,100_05
100,FERIALE,TR2045R,BONINO Z.I.R.,,1,100_0_R,100_06
100,FERIALE,TR2100R,BONINO Z.I.R.,,1,100_0_R,100_01
100,FERIALE,TR2115R,BONINO Z.I.R.,,1,100_0_R,100_02
100,FERIALE,TR2130R,BONINO Z.I.R.,,1,100_0_R,100_03
100,FERIALE,TR2145R,BONINO Z.I.R.,,1,100_0_R,100_04
100,FERIALE,TR2200R,BONINO Z.I.R.,,1,100_0_R,100_05
100,FERIALE,TR2210R,BONINO Z.I.R.,,1,100_0_R,100_06
100,FESTIVO,FTR0630A,MUSEO,,0,100_0_A,100_01
100,FESTIVO,FTR0648A,MUSEO,,0,100_0_A,100_02
100,FESTIVO,FTR0706A,MUSEO,,0,100_0_A,100_03
100,FESTIVO,FTR0724A,MUSEO,,0,100_0_A,100_04
100,FESTIVO,FTR0742A,MUSEO,,0,100_0_A,100_05
100,FESTIVO,FTR0800A,MUSEO,,0,100_0_A,100_01
100,FESTIVO,FTR0818A,MUSEO,,0,100_0_A,100_02
100,FESTIVO,FTR0836A,MUSEO,,0,100_0_A,100_03
100,FESTIVO,FTR0854A,MUSEO,,0,100_0_A,100_04
100,FESTIVO,FTR0912A,MUSEO,,0,100_0_A,100_05
100,FESTIVO,FTR0930A,MUSEO,,0,100_0_A,100_01
100,FESTIVO,FTR0948A,MUSEO,,0,100_0_A,100_02
100,FESTIVO,FTR1006A,MUSEO,,0,100_0_A,100_03
100,FESTIVO,FTR1024A,MUSEO,,0,100_0_A,100_04
100,FESTIVO,FTR1042A,MUSEO,,0,100_0_A,100_05
100,FESTIVO,FTR1100A,MUSEO,,0,100_0_A,100_01
100,FESTIVO,FTR1118A,MUSEO,,0,100_0_A,100_02
100,FESTIVO,FTR1136A,MUSEO,,0,100_0_A,100_03
100,FESTIVO,FTR1154A,MUSEO,,0,100_0_A,100_04
100,FESTIVO,FTR1212A,MUSEO,,0,100_0_A,100_05
100,FESTIVO,FTR1230A,MUSEO,,0,100_0_A,100_01
100,FESTIVO,FTR1248A,MUSEO,,0,100_0_A,100_02
100,FESTIVO,FTR1306A,MUSEO,,0,100_0_A,100_03
100,FESTIVO,FTR1324A,MUSEO,,0,100_0_A,100_04
100,FESTIVO,FTR1342A,MUSEO,,0,100_0_A,100_05
100,FESTIVO,FTR1400A,MUSEO,,0,100_0_A,100_01
100,FESTIVO,FTR1418A,MUSEO,,0,100_0_A,100_02
100,FESTIVO,FTR1436A,MUSEO,,0,100_0_A,100_03
100,FESTIVO,FTR1454A,MUSEO,,0,100_0_A,100_04
100,FESTIVO,FTR1512A,MUSEO,,0,100_0_A,100_05
100,FESTIVO,FTR1530A,MUSEO,,0,100_0_A,100_01
100,FESTIVO,FTR1548A,MUSEO,,0,100_0_A,100_02
100,FESTIVO,FTR1606A,MUSEO,,0,100_0_A,100_03
100,FESTIVO,FTR1624A,MUSEO,,0,100_0_A,100_04
100,FESTIVO,FTR1642A,MUSEO,,0,100_0_A,100_05
100,FESTIVO,FTR1700A,MUSEO,,0,100_0_A,100_01
100,FESTIVO,FTR1718A,MUSEO,,0,100_0_A,100_02
100,FESTIVO,FTR1736A,MUSEO,,0,100_0_A,100_03
100,FESTIVO,FTR1754A,MUSEO,,0,100_0_A,100_04
100,FESTIVO,FTR1812A,MUSEO,,0,100_0_A,100_05
100,FESTIVO,FTR1830A,MUSEO,,0,100_0_A,100_01
100,FESTIVO,FTR1848A,MUSEO,,0,100_0_A,100_02
100,FESTIVO,FTR1906A,MUSEO,,0,100_0_A,100_03
100,FESTIVO,FTR1924A,MUSEO,,0,100_0_A,100_04
100,FESTIVO,FTR1942A,MUSEO,,0,100_0_A,100_05
100,FESTIVO,FTR2000A,MUSEO,,0,100_0_A,100_01
100,FESTIVO,FTR2030A,MUSEO,,0,100_0_A,100_02
100,FESTIVO,FTR2100A,MUSEO,,0,100_0_A,100_04
100,FESTIVO,FTR0715R,BONINO Z.I.R.,,1,100_0_R,100_01
100,FESTIVO,FTR0733R,BONINO Z.I.R.,,1,100_0_R,100_02
100,FESTIVO,FTR0751R,BONINO Z.I.R.,,1,100_0_R,100_03
100,FESTIVO,FTR0809R,BONINO Z.I.R.,,1,100_0_R,100_04
100,FESTIVO,FTR0827R,BONINO Z.I.R.,,1,100_0_R,100_05
100,FESTIVO,FTR0845R,BONINO Z.I.R.,,1,100_0_R,100_01
100,FESTIVO,FTR0903R,BONINO Z.I.R.,,1,100_0_R,100_02
100,FESTIVO,FTR0921R,BONINO Z.I.R.,,1,100_0_R,100_03
100,FESTIVO,FTR0939R,BONINO Z.I.R.,,1,100_0_R,100_04
100,FESTIVO,FTR0957R,BONINO Z.I.R.,,1,100_0_R,100_05
100,FESTIVO,FTR1015R,BONINO Z.I.R.,,1,100_0_R,100_01
100,FESTIVO,FTR1033R,BONINO Z.I.R.,,1,100_0_R,100_02
100,FESTIVO,FTR1051R,BONINO Z.I.R.,,1,100_0_R,100_03
100,FESTIVO,FTR1109R,BONINO Z.I.R.,,1,100_0_R,100_04
100,FESTIVO,FTR1127R,BONINO Z.I.R.,,1,100_0_R,100_05
100,FESTIVO,FTR1145R,BONINO Z.I.R.,,1,100_0_R,100_01
100,FESTIVO,FTR1203R,BONINO Z.I.R.,,1,100_0_R,100_02
100,FESTIVO,FTR1221R,BONINO Z.I.R.,,1,100_0_R,100_03
100,FESTIVO,FTR1239R,BONINO Z.I.R.,,1,100_0_R,100_04
100,FESTIVO,FTR1257R,BONINO Z.I.R.,,1,100_0_R,100_05
100,FESTIVO,FTR1315R,BONINO Z.I.R.,,1,100_0_R,100_01
100,FESTIVO,FTR1333R,BONINO Z.I.R.,,1,100_0_R,100_02
100,FESTIVO,FTR1351R,BONINO Z.I.R.,,1,100_0_R,100_03
100,FESTIVO,FTR1409R,BONINO Z.I.R.,,1,100_0_R,100_04
100,FESTIVO,FTR1427R,BONINO Z.I.R.,,1,100_0_R,100_05
100,FESTIVO,FTR1445R,BONINO Z.I.R.,,1,100_0_R,100_01
100,FESTIVO,FTR1503R,BONINO Z.I.R.,,1,100_0_R,100_02
100,FESTIVO,FTR1521R,BONINO Z.I.R.,,1,100_0_R,100_03
100,FESTIVO,FTR1539R,BONINO Z.I.R.,,1,100_0_R,100_04
100,FESTIVO,FTR1557R,BONINO Z.I.R.,,1,100_0_R,100_05
100,FESTIVO,FTR1615R,BONINO Z.I.R.,,1,100_0_R,100_01
100,FESTIVO,FTR1633R,BONINO Z.I.R.,,1,100_0_R,100_02
100,FESTIVO,FTR1651R,BONINO Z.I.R.,,1,100_0_R,100_03
100,FESTIVO,FTR1709R,BONINO Z.I.R.,,1,100_0_R,100_04
100,FESTIVO,FTR1727R,BONINO Z.I.R.,,1,100_0_R,100_05
100,FESTIVO,FTR1745R,BONINO Z.I.R.,,1,100_0_R,100_01
100,FESTIVO,FTR1803R,BONINO Z.I.R.,,1,100_0_R,100_02
100,FESTIVO,FTR1821R,BONINO Z.I.R.,,1,100_0_R,100_03
100,FESTIVO,FTR1839R,BONINO Z.I.R.,,1,100_0_R,100_04
100,FESTIVO,FTR1857R,BONINO Z.I.R.,,1,100_0_R,100_05
100,FESTIVO,FTR1915R,BONINO Z.I.R.,,1,100_0_R,100_01
100,FESTIVO,FTR1933R,BONINO Z.I.R.,,1,100_0_R,100_02
100,FESTIVO,FTR1951R,BONINO Z.I.R.,,1,100_0_R,100_03
100,FESTIVO,FTR2009R,BONINO Z.I.R.,,1,100_0_R,100_04
100,FESTIVO,FTR2027R,BONINO Z.I.R.,,1,100_0_R,100_05
100,FESTIVO,FTR2045R,BONINO Z.I.R.,,1,100_0_R,100_01
100,FESTIVO,FTR2110R,BONINO Z.I.R.,,1,100_0_R,100_02
100,FESTIVO,FTR2140R,BONINO Z.I.R.,,1,100_0_R,100_04
84,FERIALE,840930R,STAZIONE CENTRALE,,1,084_0_R,084_01
84,FERIALE,840900A,PIAZZALE TODARO,,0,084_0_A,084_01
84,FERIALE,840840R,STAZIONE CENTRALE,,1,084_0_R,084_01
84,FERIALE,840820A,PIAZZALE TODARO,,0,084_0_A,084_01
84,FERIALE,840800R,STAZIONE CENTRALE,,1,084_0_R,084_01
84,FERIALE,840735A,PIAZZALE TODARO,,0,084_0_A,084_01
84,FERIALE,840715R,STAZIONE CENTRALE,,1,084_0_R,084_01
84,FERIALE,840655A,PIAZZALE TODARO,,0,084_0_A,084_01
84,FERIALE,841000A,PIAZZALE TODARO,,0,084_0_A,084_01
84,FERIALE,841030R,STAZIONE CENTRALE,,1,084_0_R,084_01
84,FERIALE,841100A,PIAZZALE TODARO,,0,084_0_A,084_01
84,FERIALE,841130R,STAZIONE CENTRALE,,1,084_0_R,084_01
84,FERIALE,841200A,PIAZZALE TODARO,,0,084_0_A,084_01
84,FERIALE,841230R,STAZIONE CENTRALE,,1,084_0_R,084_01
82,SABATO,820915A,CIMITERO GRANATARI,,0,082_0_A,082_01
82,SABATO,821010R,CIMITERO GRANATARI,,1,082_1_R,082_01
82,SABATO,821125R,STAZIONE CENTRALE,,1,082_0_R,082_01
83,FERIALE,831320R,STAZIONE CENTRALE,,1,083_0_R,083_01
103,FERIALE,1032425R,STAZIONE CENTRALE,,1,103_0_R,103_01
83,FERIALE,831145R,STAZIONE CENTRALE,,1,083_0_R,083_01
102,FESTIVO,1F22420R,STAZIONE CENTRALE,,1,102_0_R,102_01
83,FERIALE,831020R,STAZIONE CENTRALE,,1,083_0_R,083_01
102,FESTIVO,1F22510A,GIAMPILIERI SUPERIORE,,0,102_0_A,102_01
83,FERIALE,830845R,STAZIONE CENTRALE,,1,083_0_R,083_01
102,FESTIVO,1F22200A,GIAMPILIERI SUPERIORE,,0,102_0_A,102_01
83,FERIALE,830700R,STAZIONE CENTRALE,,1,083_0_R,083_01
103,FERIALE,1032525R,STAZIONE CENTRALE,,1,103_0_R,103_02
83,FERIALE,832030A,PONTE GALLO,,0,083_0_A,083_01
83,FERIALE,831900A,PONTE GALLO,,0,083_0_A,083_01
83,FERIALE,831735A,PONTE GALLO,,0,083_0_A,083_01
83,FERIALE,831555A,PONTE GALLO,,0,083_0_A,083_01
102,FESTIVO,1F22730R,STAZIONE CENTRALE,,1,102_0_R,102_01
83,FERIALE,831410A,PONTE GALLO,,0,083_0_A,083_01
83,FERIALE,831240A,PONTE GALLO,,0,083_0_A,083_01
102,FESTIVO,1F22555R,STAZIONE CENTRALE,,1,102_0_R,102_01
83,FERIALE,831105A,PONTE GALLO,,0,083_0_A,083_01
83,FERIALE,830940A,PONTE GALLO,,0,083_0_A,083_01
102,FESTIVO,1F22335A,GIAMPILIERI SUPERIORE,,0,102_0_A,102_01
83,FERIALE,830800A,PONTE GALLO,,0,083_0_A,083_01
83,FERIALE,830620A,PONTE GALLO,,0,083_0_A,083_01
102,FESTIVO,1F22245R,STAZIONE CENTRALE,,1,102_0_R,102_01
83,FERIALE,831505R,STAZIONE CENTRALE,,1,083_0_R,083_01
103,FERIALE,1032735R,STAZIONE CENTRALE,,1,103_0_R,103_01
83,FERIALE,831645R,STAZIONE CENTRALE,,1,083_0_R,083_01
83,FERIALE,830530R,STAZIONE CENTRALE,,1,083_0_R,083_01
83,FERIALE,831815R,STAZIONE CENTRALE,,1,083_0_R,083_01
83,FERIALE,831950R,STAZIONE CENTRALE,,1,083_0_R,083_01
83,FERIALE,832110R,STAZIONE CENTRALE,,1,083_0_R,083_01
102,FERIALE,1022420R,STAZIONE CENTRALE,,1,102_0_R,102_01
78,FERIALE,780725R,ANNUNZIATA,,1,078_1_R,078_02
78,FERIALE,780650R,ANNUNZIATA,,1,078_1_R,078_01
53,FERIALE,531840R,STAZIONE CENTRALE,,1,053_0_R,053_02
78,FERIALE,780520R,STAZIONE CENTRALE,,1,078_0_R,078_01
78,FERIALE,782035A,C.DA BADESSA,,0,078_1_A,078_01
78,FERIALE,781855A,C.DA BADESSA,,0,078_1_A,078_01
75,FERIALE,751535A,NAVETTA CONCA D'ORO,,0,075_2_A,075_01
78,FERIALE,781730A,C.DA BADESSA,,0,078_1_A,078_01
103,FESTIVO,F032300R,STAZIONE CENTRALE,,1,103_0_R,103_01
78,FERIALE,781640A,C.DA BADESSA,,0,078_1_A,078_02
78,FERIALE,781600A,C.DA BADESSA,,0,078_1_A,078_01
103,FESTIVO,F032300A,ISTITUTO MARINO,,0,103_0_A,103_04
78,FERIALE,781515A,C.DA BADESSA,,0,078_1_A,078_02
78,FERIALE,781430A,C.DA BADESSA,,0,078_1_A,078_01
78,FERIALE,781350A,C.DA BADESSA,,0,078_1_A,078_02
78,FERIALE,781305A,C.DA BADESSA,,0,078_1_A,078_01
78,FERIALE,781225A,C.DA BADESSA,,0,078_1_A,078_02
78,FERIALE,781140A,C.DA BADESSA,,0,078_1_A,078_01
78,FERIALE,781100A,C.DA BADESSA,,0,078_1_A,078_02
75,FERIALE,751700A,NAVETTA CONCA D'ORO,,0,075_2_A,075_01
78,FERIALE,781020A,C.DA BADESSA,,0,078_1_A,078_01
78,FERIALE,780935A,C.DA BADESSA,,0,078_1_A,078_02
75,FERIALE,751820A,NAVETTA CONCA D'ORO,,0,075_2_A,075_01
78,FERIALE,780900A,C.DA BADESSA,,0,078_1_A,078_01
78,FERIALE,780810A,C.DA BADESSA,,0,078_1_A,078_02
79,FESTIVO,1792240R,STAZIONE CENTRALE,,1,079_0_R,079_04
78,FERIALE,780735A,C.DA BADESSA,,0,078_1_A,078_01
103,FESTIVO,F032200A,ISTITUTO MARINO,,0,103_0_A,103_01
78,FERIALE,780635A,C.DA BADESSA,,0,078_0_A,078_02
78,FERIALE,780605A,C.DA BADESSA,,0,078_0_A,078_01
78,FERIALE,780440A,C.DA BADESSA,,0,078_0_A,078_01
77,FERIALE,771135R,STAZIONE CENTRALE,,1,077_0_R,077_01
77,FERIALE,770450A,MAROTTA,,0,077_0_A,077_01
77,FERIALE,770620A,MAROTTA,,0,077_0_A,077_01
77,FERIALE,770750A,MAROTTA,,0,077_0_A,077_01
77,FERIALE,770925A,MAROTTA,,0,077_0_A,077_01
77,FERIALE,771100A,MAROTTA,,0,077_0_A,077_01
77,FERIALE,771235A,MAROTTA,,0,077_0_A,077_01
77,FERIALE,771410A,MAROTTA,,0,077_0_A,077_01
77,FERIALE,771545A,MAROTTA,,0,077_0_A,077_01
77,FERIALE,771720A,MAROTTA,,0,077_0_A,077_01
77,FERIALE,771855A,MAROTTA,,0,077_0_A,077_01
77,FERIALE,772020A,MAROTTA,,0,077_0_A,077_01
77,FERIALE,772145A,MAROTTA,,0,077_0_A,077_01
77,FERIALE,770520R,STAZIONE CENTRALE,,1,077_0_R,077_01
77,FERIALE,770650R,STAZIONE CENTRALE,,1,077_0_R,077_01
77,FERIALE,770825R,STAZIONE CENTRALE,,1,077_0_R,077_01
77,FERIALE,771000R,STAZIONE CENTRALE,,1,077_0_R,077_01
77,FERIALE,771310R,STAZIONE CENTRALE,,1,077_0_R,077_01
77,FERIALE,771445R,STAZIONE CENTRALE,,1,077_0_R,077_01
77,FERIALE,771620R,STAZIONE CENTRALE,,1,077_0_R,077_01
77,FERIALE,771755R,STAZIONE CENTRALE,,1,077_0_R,077_01
77,FERIALE,771930R,STAZIONE CENTRALE,,1,077_0_R,077_01
77,FERIALE,772055R,STAZIONE CENTRALE,,1,077_0_R,077_01
77,FERIALE,772220R,STAZIONE CENTRALE,,1,077_0_R,077_01
76,FERIALE,760550A,PANORAMICA,,0,076_0_A,076_01
76,FERIALE,760655A,PANORAMICA,,0,076_1_A,076_01
76,FERIALE,760810A,PANORAMICA,,0,076_0_A,076_01
76,FERIALE,760935A,PANORAMICA,,0,076_1_A,076_01
76,FERIALE,761045A,PANORAMICA,,0,076_1_A,076_01
76,FERIALE,761200A,PANORAMICA,,0,076_1_A,076_01
76,FERIALE,761340A,PANORAMICA,,0,076_0_A,076_01
76,FERIALE,761505A,PANORAMICA,,0,076_1_A,076_01
76,FERIALE,761610A,PANORAMICA,,0,076_1_A,076_01
76,FERIALE,761720A,PANORAMICA,,0,076_1_A,076_01
76,FERIALE,761830A,PANORAMICA,,0,076_1_A,076_01
76,FERIALE,761940A,PANORAMICA,,0,076_1_A,076_01
76,FERIALE,762050A,PANORAMICA,,0,076_1_A,076_01
76,FERIALE,760625R,ANNUNZIATA,,1,076_1_R,076_01
76,FERIALE,760710R,STAZIONE CENTRALE,,1,076_0_R,076_01
76,FERIALE,760850R,ANNUNZIATA,,1,076_1_R,076_01
76,FERIALE,760955R,ANNUNZIATA,,1,076_1_R,076_01
76,FERIALE,761105R,ANNUNZIATA,,1,076_1_R,076_01
76,FERIALE,761220R,STAZIONE CENTRALE,,1,076_0_R,076_01
76,FERIALE,761420R,ANNUNZIATA,,1,076_1_R,076_01
76,FERIALE,761525R,ANNUNZIATA,,1,076_1_R,076_01
76,FERIALE,761630R,ANNUNZIATA,,1,076_1_R,076_01
76,FERIALE,761740R,ANNUNZIATA,,1,076_1_R,076_01
76,FERIALE,761850R,ANNUNZIATA,,1,076_1_R,076_01
76,FERIALE,762000R,ANNUNZIATA,,1,076_1_R,076_01
76,FERIALE,762110R,STAZIONE CENTRALE,,1,076_0_R,076_01
79,FESTIVO,1791840R,STAZIONE CENTRALE,,1,079_0_R,079_04
79,FESTIVO,1791640R,STAZIONE CENTRALE,,1,079_0_R,079_04
79,FESTIVO,1791440R,STAZIONE CENTRALE,,1,079_0_R,079_04
79,FESTIVO,1790840R,STAZIONE CENTRALE,,1,079_0_R,079_04
79,FESTIVO,1791040R,STAZIONE CENTRALE,,1,079_0_R,079_04
79,FESTIVO,1791240R,STAZIONE CENTRALE,,1,079_0_R,079_04
79,FESTIVO,1790640R,STAZIONE CENTRALE,,1,079_0_R,079_04
79,FESTIVO,1791740A,ISTITUTO MARINO,,0,079_0_A,079_04
79,FESTIVO,1791940A,ISTITUTO MARINO,,0,079_0_A,079_04
79,FESTIVO,1792140A,ISTITUTO MARINO,,0,079_0_A,079_04
79,FESTIVO,1791540A,ISTITUTO MARINO,,0,079_0_A,079_04
79,FESTIVO,1790940A,ISTITUTO MARINO,,0,079_0_A,079_04
79,FESTIVO,1791140A,ISTITUTO MARINO,,0,079_0_A,079_04
79,FESTIVO,1791340A,ISTITUTO MARINO,,0,079_0_A,079_04
79,FESTIVO,1790750A,ISTITUTO MARINO,,0,079_0_A,079_04
79,FESTIVO,1790540A,ISTITUTO MARINO,,0,079_0_A,079_04
79,FESTIVO,1792210R,STAZIONE CENTRALE,,1,079_0_R,079_03
74,FERIALE,740605A,MASSE SX,,0,074_0_A,074_01
74,FERIALE,740800A,MASSE SX,,0,074_0_A,074_01
74,FERIALE,741000A,MASSE SX,,0,074_0_A,074_01
74,FERIALE,741205A,MASSE SX,,0,074_0_A,074_01
74,FERIALE,741420A,MASSE SX,,0,074_0_A,074_01
74,FERIALE,741625A,MASSE SX,,0,074_0_A,074_01
74,FERIALE,741825A,MASSE SX,,0,074_0_A,074_01
74,FERIALE,742020A,MASSE SX,,0,074_0_A,074_01
73,FERIALE,730555A,MASSE DX,,0,073_0_A,073_01
73,FERIALE,730750A,MASSE DX,,0,073_0_A,073_01
73,FERIALE,730950A,MASSE DX,,0,073_0_A,073_01
73,FERIALE,731150A,MASSE DX,,0,073_0_A,073_01
73,FERIALE,731410A,MASSE DX,,0,073_0_A,073_01
73,FERIALE,731630A,MASSE DX,,0,073_0_A,073_01
73,FERIALE,731815A,MASSE DX,,0,073_0_A,073_01
73,FERIALE,732025A,MASSE DX,,0,073_0_A,073_01
72,FERIALE,722025A,SALICE,,0,072_0_A,072_02
72,FERIALE,721830A,SALICE,,0,072_0_A,072_01
72,FERIALE,721730A,SALICE,,0,072_0_A,072_02
72,FERIALE,721555A,SALICE,,0,072_0_A,072_01
72,FERIALE,721420A,SALICE,,0,072_0_A,072_02
72,FERIALE,721335A,SALICE,,0,072_0_A,072_01
79,FESTIVO,1792140R,STAZIONE CENTRALE,,1,079_0_R,079_02
72,FERIALE,721150A,SALICE,,0,072_0_A,072_02
79,FESTIVO,1791510A,ISTITUTO MARINO,,0,079_0_A,079_03
79,FESTIVO,1791310A,ISTITUTO MARINO,,0,079_0_A,079_03
79,FESTIVO,1791110A,ISTITUTO MARINO,,0,079_0_A,079_03
79,FESTIVO,1790910A,ISTITUTO MARINO,,0,079_0_A,079_03
79,FESTIVO,1790710A,ISTITUTO MARINO,,0,079_0_A,079_03
79,FESTIVO,1790510A,ISTITUTO MARINO,,0,079_0_A,079_03
72,FERIALE,721050A,SALICE,,0,072_0_A,072_01
72,FERIALE,720905A,SALICE,,0,072_0_A,072_02
72,FERIALE,720805A,SALICE,,0,072_0_A,072_01
72,FERIALE,720635A,SALICE,,0,072_0_A,072_02
72,FERIALE,720535A,SALICE,,0,072_0_A,072_01
71,FERIALE,710550A,GESSO,,0,071_0_A,071_01
71,FERIALE,710750A,GESSO,,0,071_0_A,071_01
71,FERIALE,711005A,GESSO,,0,071_0_A,071_01
71,FERIALE,711215A,GESSO,,0,071_0_A,071_01
71,FERIALE,711440A,GESSO,,0,071_0_A,071_01
71,FERIALE,711645A,GESSO,,0,071_0_A,071_01
71,FERIALE,710645R,STAZIONE CENTRALE,,1,071_0_R,071_01
71,FERIALE,710855R,STAZIONE CENTRALE,,1,071_0_R,071_01
71,FERIALE,711110R,STAZIONE CENTRALE,,1,071_0_R,071_01
71,FERIALE,711330R,STAZIONE CENTRALE,,1,071_0_R,071_01
71,FERIALE,711540R,STAZIONE CENTRALE,,1,071_0_R,071_01
71,FERIALE,711745R,STAZIONE CENTRALE,,1,071_0_R,071_01
42,FERIALE,420830A,MONTEPISELLI,,0,042_0_A,042_01
42,FERIALE,420930A,MONTEPISELLI,,0,042_0_A,042_01
42,FERIALE,421030A,MONTEPISELLI,,0,042_0_A,042_01
42,FERIALE,421130A,MONTEPISELLI,,0,042_0_A,042_01
42,FERIALE,421230A,MONTEPISELLI,,0,042_0_A,042_01
42,FERIALE,421330A,MONTEPISELLI,,0,042_0_A,042_01
42,FERIALE,421630A,MONTEPISELLI,,0,042_0_A,042_01
42,FERIALE,421730A,MONTEPISELLI,,0,042_0_A,042_01
42,FERIALE,421830A,MONTEPISELLI,,0,042_0_A,042_01
42,FERIALE,421930A,MONTEPISELLI,,0,042_0_A,042_01
42,FERIALE,422030A,MONTEPISELLI,,0,042_0_A,042_01
42,FERIALE,422130A,MONTEPISELLI,,0,042_0_A,042_01
42,FERIALE,420855R,CAVALLOTTI,,1,042_0_R,042_01
42,FERIALE,420955R,CAVALLOTTI,,1,042_0_R,042_01
42,FERIALE,421055R,CAVALLOTTI,,1,042_0_R,042_01
42,FERIALE,421155R,CAVALLOTTI,,1,042_0_R,042_01
42,FERIALE,421255R,CAVALLOTTI,,1,042_0_R,042_01
42,FERIALE,421355R,CAVALLOTTI,,1,042_0_R,042_01
42,FERIALE,421655R,CAVALLOTTI,,1,042_0_R,042_01
42,FERIALE,421755R,CAVALLOTTI,,1,042_0_R,042_01
42,FERIALE,421855R,CAVALLOTTI,,1,042_0_R,042_01
42,FERIALE,421955R,CAVALLOTTI,,1,042_0_R,042_01
42,FERIALE,422055R,CAVALLOTTI,,1,042_0_R,042_01
42,FERIALE,422155R,CAVALLOTTI,,1,042_0_R,042_01
17,FERIALE,170500A,STAZIONE CENTRALE,,0,017_0_A,017_01
17,FERIALE,170550A,STAZIONE CENTRALE,,0,017_0_A,017_01
17,FERIALE,170655A,STAZIONE CENTRALE,,0,017_0_A,017_01
17,FERIALE,170905A,STAZIONE CENTRALE,,0,017_0_A,017_01
17,FERIALE,171050A,STAZIONE CENTRALE,,0,017_0_A,017_01
17,FERIALE,171240A,STAZIONE CENTRALE,,0,017_0_A,017_01
17,FERIALE,171500A,STAZIONE CENTRALE,,0,017_0_A,017_01
17,FERIALE,171630A,STAZIONE CENTRALE,,0,017_0_A,017_01
17,FERIALE,171800A,STAZIONE CENTRALE,,0,017_0_A,017_01
17,FERIALE,171930A,STAZIONE CENTRALE,,0,017_0_A,017_01
17,FERIALE,172050A,STAZIONE CENTRALE,,0,017_0_A,017_01
17,FERIALE,170805A,SCOPPO,,0,017_1_A,017_01
17,FERIALE,171400A,SCOPPO,,0,017_1_A,017_01
17,FERIALE,170515R,MINISSALE,,1,017_0_R,017_01
17,FERIALE,170615R,MINISSALE,,1,017_0_R,017_01
17,FERIALE,170940R,MINISSALE,,1,017_0_R,017_01
17,FERIALE,171125R,MINISSALE,,1,017_0_R,017_01
17,FERIALE,171530R,MINISSALE,,1,017_0_R,017_01
17,FERIALE,171700R,MINISSALE,,1,017_0_R,017_01
17,FERIALE,171830R,MINISSALE,,1,017_0_R,017_01
17,FERIALE,171955R,MINISSALE,,1,017_0_R,017_01
17,FERIALE,172115R,MINISSALE,,1,017_0_R,017_01
17,FERIALE,170820R,MINISSALE,,1,017_1_R,017_01
17,FERIALE,171410R,MINISSALE,,1,017_1_R,017_01
17,FERIALE,170730R,BOCCETTA,,1,017_2_R,017_01
17,FERIALE,171320R,BOCCETTA,,1,017_2_R,017_01
53,FERIALE,531410R,VILLA LINA,,1,053_1_R,053_02
72,FERIALE,720645R,STAZIONE CENTRALE,,1,072_0_R,072_01
103,FERIALE,1032600R,STAZIONE CENTRALE,,1,103_0_R,103_01
72,FERIALE,720745R,STAZIONE CENTRALE,,1,072_0_R,072_02
72,FERIALE,720925R,STAZIONE CENTRALE,,1,072_0_R,072_01
72,FERIALE,721025R,STAZIONE CENTRALE,,1,072_0_R,072_02
103,FERIALE,1032335A,ISTITUTO MARINO,,0,103_0_A,103_01
103,FERIALE,1032510A,ISTITUTO MARINO,,0,103_0_A,103_01
103,FERIALE,1032645A,ISTITUTO MARINO,,0,103_0_A,103_01
79,FESTIVO,1792040R,STAZIONE CENTRALE,,1,079_0_R,079_04
72,FERIALE,721210R,STAZIONE CENTRALE,,1,072_0_R,072_01
72,FERIALE,721310R,STAZIONE CENTRALE,,1,072_0_R,072_02
102,FERIALE,1022510A,GIAMPILIERI SUPERIORE,,0,102_0_A,102_01
72,FERIALE,721440R,STAZIONE CENTRALE,,1,072_0_R,072_01
75,FERIALE,750800R,ANNUNZIATA,,1,075_1_R,075_01
103,FERIALE,1032300A,ISTITUTO MARINO,,0,103_0_A,103_02
79,FESTIVO,1791210R,STAZIONE CENTRALE,,1,079_0_R,079_03
103,FERIALE,1032745A,ISTITUTO MARINO,,0,103_0_A,103_02
79,FESTIVO,1791410R,STAZIONE CENTRALE,,1,079_0_R,079_03
72,FERIALE,721540R,STAZIONE CENTRALE,,1,072_0_R,072_02
79,FESTIVO,1791610R,STAZIONE CENTRALE,,1,079_0_R,079_03
75,FERIALE,750825R,STAZIONE CENTRALE,,1,075_0_R,075_01
79,FESTIVO,1791810R,STAZIONE CENTRALE,,1,079_0_R,079_03
72,FERIALE,721710R,STAZIONE CENTRALE,,1,072_0_R,072_01
79,FESTIVO,1791710A,ISTITUTO MARINO,,0,079_0_A,079_03
75,FERIALE,751005R,STAZIONE CENTRALE,,1,075_2_R,075_01
72,FERIALE,721855R,STAZIONE CENTRALE,,1,072_0_R,072_02
4,FERIALE,050920A,PEZZOLO,,0,005_1_A,005_01
4,FERIALE,051305A,PEZZOLO,,0,005_1_A,005_01
4,FERIALE,051710A,PEZZOLO,,0,005_3_A,005_01
4,FERIALE,051935A,PEZZOLO,,0,005_3_A,005_01
4,FERIALE,051450A,PEZZOLO,,0,005_3_A,005_01
4,FERIALE,050840R,GALATI RFI,,1,005_1_R,005_01
4,FERIALE,050810A,PEZZOLO,,0,005_2_A,005_01
4,FERIALE,051220R,GALATI RFI,,1,005_1_R,005_01
4,FERIALE,051605R,STAZIONE CENTRALE,,1,005_3_R,005_01
4,FERIALE,051345R,STAZIONE CENTRALE,,1,005_3_R,005_01
4,FERIALE,050745R,PEZZOLO,,1,005_2_R,005_01
80,FERIALE,800550A,ACQUALADRONE,,0,080_0_A,080_01
32,FERIALE,320425R,STAZIONE CENTRALE,,1,032_0_R,032_01
32,FERIALE,321925R,STAZIONE CENTRALE,,1,032_0_R,032_01
32,FERIALE,322055R,STAZIONE CENTRALE,,1,032_0_R,032_01
32,FERIALE,322210R,STAZIONE CENTRALE,,1,032_0_R,032_01
1,FERIALE,011315R,STAZIONE CENTRALE,,1,001_0_R,001_01
1,FERIALE,011545R,STAZIONE CENTRALE,,1,001_0_R,001_01
1,FERIALE,011810R,STAZIONE CENTRALE,,1,001_0_R,001_01
80,FERIALE,800835R,STAZIONE CENTRALE,,1,080_2_R,080_01
80,FERIALE,800640R,STAZIONE CENTRALE,,1,080_2_R,080_01
80,FERIALE,801050R,STAZIONE CENTRALE,,1,080_2_R,080_01
80,FERIALE,801300R,STAZIONE CENTRALE,,1,080_2_R,080_01
80,FERIALE,801510R,STAZIONE CENTRALE,,1,080_2_R,080_01
80,FERIALE,801720R,STAZIONE CENTRALE,,1,080_2_R,080_01
80,FERIALE,801930R,STAZIONE CENTRALE,,1,080_2_R,080_01
80,FERIALE,802125R,STAZIONE CENTRALE,,1,080_2_R,080_01
80,FERIALE,802310R,STAZIONE CENTRALE,,1,080_2_R,080_01
6,FERIALE,070620A,GALATI S.LUCIA,,0,007_1_A,007_01
6,FERIALE,070655R,STAZIONE CENTRALE,,1,007_1_R,007_01
6,FERIALE,070755A,GALATI S.LUCIA,,0,007_1_A,007_01
6,FERIALE,070950A,GALATI S.LUCIA,,0,007_1_A,007_01
6,FERIALE,071145A,GALATI S.LUCIA,,0,007_1_A,007_01
6,FERIALE,071340A,GALATI S.LUCIA,,0,007_1_A,007_01
6,FERIALE,071530A,GALATI S.LUCIA,,0,007_1_A,007_01
6,FERIALE,071715A,GALATI S.LUCIA,,0,007_1_A,007_01
6,FERIALE,071905A,GALATI S.LUCIA,,0,007_1_A,007_01
6,FERIALE,070845R,STAZIONE CENTRALE,,1,007_1_R,007_01
6,FERIALE,071040R,STAZIONE CENTRALE,,1,007_1_R,007_01
6,FERIALE,071235R,STAZIONE CENTRALE,,1,007_1_R,007_01
6,FERIALE,071430R,STAZIONE CENTRALE,,1,007_1_R,007_01
6,FERIALE,071615R,STAZIONE CENTRALE,,1,007_1_R,007_01
6,FERIALE,071805R,STAZIONE CENTRALE,,1,007_1_R,007_01
6,FERIALE,071955R,STAZIONE CENTRALE,,1,007_1_R,007_01
47,FERIALE,470515A,PORTELLA ARENA,,0,047_0_A,047_01
47,FERIALE,470550R,ANNUNZIATA,,1,047_1_R,047_01
47,FERIALE,470620A,PORTELLA ARENA,,0,047_1_A,047_01
47,FERIALE,470705A,PORTELLA ARENA,,0,047_1_A,047_01
47,FERIALE,470800A,PORTELLA ARENA,,0,047_1_A,047_01
47,FERIALE,470850A,PORTELLA ARENA,,0,047_1_A,047_01
47,FERIALE,470945A,PORTELLA ARENA,,0,047_1_A,047_01
47,FERIALE,471035A,PORTELLA ARENA,,0,047_1_A,047_01
47,FERIALE,471120A,PORTELLA ARENA,,0,047_1_A,047_01
47,FERIALE,471210A,PORTELLA ARENA,,0,047_1_A,047_01
47,FERIALE,471305A,PORTELLA ARENA,,0,047_1_A,047_01
47,FERIALE,471405A,PORTELLA ARENA,,0,047_1_A,047_01
47,FERIALE,471450A,PORTELLA ARENA,,0,047_1_A,047_01
47,FERIALE,471540A,PORTELLA ARENA,,0,047_1_A,047_01
47,FERIALE,471630A,PORTELLA ARENA,,0,047_1_A,047_01
47,FERIALE,471720A,PORTELLA ARENA,,0,047_1_A,047_01
47,FERIALE,471810A,PORTELLA ARENA,,0,047_1_A,047_01
47,FERIALE,471905A,PORTELLA ARENA,,0,047_1_A,047_01
47,FERIALE,472000A,PORTELLA ARENA,,0,047_1_A,047_01
47,FERIALE,472050A,PORTELLA ARENA,,0,047_1_A,047_01
47,FERIALE,470635R,ANNUNZIATA,,1,047_1_R,047_01
47,FERIALE,470725R,ANNUNZIATA,,1,047_1_R,047_01
47,FERIALE,470820R,ANNUNZIATA,,1,047_1_R,047_01
47,FERIALE,470910R,ANNUNZIATA,,1,047_1_R,047_01
47,FERIALE,471005R,ANNUNZIATA,,1,047_1_R,047_01
47,FERIALE,471055R,ANNUNZIATA,,1,047_1_R,047_01
47,FERIALE,471140R,ANNUNZIATA,,1,047_1_R,047_01
47,FERIALE,471230R,ANNUNZIATA,,1,047_1_R,047_01
47,FERIALE,471325R,ANNUNZIATA,,1,047_1_R,047_01
47,FERIALE,471425R,ANNUNZIATA,,1,047_1_R,047_01
47,FERIALE,471510R,ANNUNZIATA,,1,047_1_R,047_01
47,FERIALE,471600R,ANNUNZIATA,,1,047_1_R,047_01
47,FERIALE,471650R,ANNUNZIATA,,1,047_1_R,047_01
47,FERIALE,471740R,ANNUNZIATA,,1,047_1_R,047_01
47,FERIALE,471830R,ANNUNZIATA,,1,047_1_R,047_01
47,FERIALE,471925R,ANNUNZIATA,,1,047_1_R,047_01
47,FERIALE,472020R,ANNUNZIATA,,1,047_1_R,047_01
47,FERIALE,472110R,STAZIONE CENTRALE,,1,047_0_R,047_01
103,FERIALE,1032350R,STAZIONE CENTRALE,,1,103_0_R,103_02
71,FESTIVO,F710800R,STAZIONE CENTRALE,,1,071_0_R,071_01
71,FESTIVO,F711005R,STAZIONE CENTRALE,,1,071_0_R,071_01
71,FESTIVO,F711200R,STAZIONE CENTRALE,,1,071_0_R,071_01
71,FESTIVO,F711600R,STAZIONE CENTRALE,,1,071_0_R,071_01
71,FESTIVO,F711805R,STAZIONE CENTRALE,,1,071_0_R,071_01
71,FESTIVO,F712010R,STAZIONE CENTRALE,,1,071_0_R,071_01
71,FESTIVO,F711910A,GESSO,,0,071_0_A,071_01
71,FESTIVO,F711705A,GESSO,,0,071_0_A,071_01
71,FESTIVO,F711500A,GESSO,,0,071_0_A,071_01
71,FESTIVO,F711100A,GESSO,,0,071_0_A,071_01
71,FESTIVO,F710905A,GESSO,,0,071_0_A,071_01
71,FESTIVO,F710700A,GESSO,,0,071_0_A,071_01
41,FESTIVO,F412035R,STAZIONE CENTRALE,,1,041_0_R,041_01
41,FESTIVO,F411945R,STAZIONE CENTRALE,,1,041_0_R,041_01
41,FESTIVO,F411840R,STAZIONE CENTRALE,,1,041_0_R,041_01
41,FESTIVO,F411730R,STAZIONE CENTRALE,,1,041_0_R,041_01
41,FESTIVO,F411630R,STAZIONE CENTRALE,,1,041_0_R,041_01
41,FESTIVO,F411535R,STAZIONE CENTRALE,,1,041_0_R,041_01
41,FESTIVO,F411235R,STAZIONE CENTRALE,,1,041_0_R,041_01
41,FESTIVO,F411145R,STAZIONE CENTRALE,,1,041_0_R,041_01
41,FESTIVO,F411040R,STAZIONE CENTRALE,,1,041_0_R,041_01
41,FESTIVO,F410930R,STAZIONE CENTRALE,,1,041_0_R,041_01
41,FESTIVO,F410830R,STAZIONE CENTRALE,,1,041_0_R,041_01
41,FESTIVO,F410735R,STAZIONE CENTRALE,,1,041_0_R,041_01
41,FESTIVO,F412010A,CATARRATTI,,0,041_0_A,041_01
41,FESTIVO,F411915A,CATARRATTI,,0,041_0_A,041_01
41,FESTIVO,F411810A,CATARRATTI,,0,041_0_A,041_01
41,FESTIVO,F411700A,CATARRATTI,,0,041_0_A,041_01
41,FESTIVO,F411605A,CATARRATTI,,0,041_0_A,041_01
41,FESTIVO,F411510A,CATARRATTI,,0,041_0_A,041_01
41,FESTIVO,F411210A,CATARRATTI,,0,041_0_A,041_01
41,FESTIVO,F411115A,CATARRATTI,,0,041_0_A,041_01
41,FESTIVO,F411010A,CATARRATTI,,0,041_0_A,041_01
41,FESTIVO,F410900A,CATARRATTI,,0,041_0_A,041_01
41,FESTIVO,F410805A,CATARRATTI,,0,041_0_A,041_01
41,FESTIVO,F410710A,CATARRATTI,,0,041_0_A,041_01
35,FESTIVO,F352050R,STAZIONE CENTRALE,,1,035_0_R,035_01
35,FESTIVO,F351910R,STAZIONE CENTRALE,,1,035_0_R,035_01
35,FESTIVO,F351730R,STAZIONE CENTRALE,,1,035_0_R,035_01
35,FESTIVO,F351550R,STAZIONE CENTRALE,,1,035_0_R,035_01
35,FESTIVO,F351240R,STAZIONE CENTRALE,,1,035_0_R,035_01
35,FESTIVO,F351055R,STAZIONE CENTRALE,,1,035_0_R,035_01
35,FESTIVO,F350910R,STAZIONE CENTRALE,,1,035_0_R,035_01
35,FESTIVO,F350730R,STAZIONE CENTRALE,,1,035_0_R,035_01
35,FESTIVO,F352000A,CUMIA SUPERIORE,,0,035_0_A,035_01
35,FESTIVO,F351820A,CUMIA SUPERIORE,,0,035_0_A,035_01
35,FESTIVO,F351640A,CUMIA SUPERIORE,,0,035_0_A,035_01
35,FESTIVO,F351510A,CUMIA SUPERIORE,,0,035_0_A,035_01
35,FESTIVO,F351150A,CUMIA SUPERIORE,,0,035_0_A,035_01
35,FESTIVO,F351000A,CUMIA SUPERIORE,,0,035_0_A,035_01
35,FESTIVO,F350820A,CUMIA SUPERIORE,,0,035_0_A,035_01
35,FESTIVO,F350650A,CUMIA SUPERIORE,,0,035_0_A,035_01
8,FESTIVO,F092025R,STAZIONE CENTRALE,,1,009_0_R,009_01
8,FESTIVO,F091825R,STAZIONE CENTRALE,,1,009_0_R,009_01
8,FESTIVO,F091620R,STAZIONE CENTRALE,,1,009_0_R,009_01
8,FESTIVO,F091210R,STAZIONE CENTRALE,,1,009_0_R,009_01
8,FESTIVO,F091015R,STAZIONE CENTRALE,,1,009_0_R,009_01
8,FESTIVO,F090820R,STAZIONE CENTRALE,,1,009_0_R,009_01
8,FESTIVO,F091930A,LARDERIA,,0,009_0_A,009_01
8,FESTIVO,F091725A,LARDERIA,,0,009_0_A,009_01
8,FESTIVO,F091530A,LARDERIA,,0,009_0_A,009_01
8,FESTIVO,F091115A,LARDERIA,,0,009_0_A,009_01
8,FESTIVO,F090920A,LARDERIA,,0,009_0_A,009_01
8,FESTIVO,F090730A,LARDERIA,,0,009_0_A,009_01
5,FESTIVO,F062050R,STAZIONE CENTRALE,,1,006_0_R,006_01
5,FESTIVO,F061850R,STAZIONE CENTRALE,,1,006_0_R,006_01
5,FESTIVO,F061650R,STAZIONE CENTRALE,,1,006_0_R,006_01
5,FESTIVO,F061110R,STAZIONE CENTRALE,,1,006_0_R,006_01
5,FESTIVO,F060910R,STAZIONE CENTRALE,,1,006_0_R,006_01
5,FESTIVO,F060705R,STAZIONE CENTRALE,,1,006_0_R,006_01
5,FESTIVO,F061950A,S. STEFANO BRIGA,,0,006_0_A,006_01
5,FESTIVO,F061755A,S. STEFANO BRIGA,,0,006_0_A,006_01
5,FESTIVO,F061555A,S. STEFANO BRIGA,,0,006_0_A,006_01
5,FESTIVO,F061015A,S. STEFANO BRIGA,,0,006_0_A,006_01
5,FESTIVO,F060815A,S. STEFANO BRIGA,,0,006_0_A,006_01
5,FESTIVO,F060615A,S. STEFANO BRIGA,,0,006_0_A,006_01
2,FESTIVO,F022315R,STAZIONE CENTRALE,,1,002_0_R,002_02
2,FESTIVO,F022130R,STAZIONE CENTRALE,,1,002_0_R,002_02
2,FESTIVO,F021935R,STAZIONE CENTRALE,,1,002_0_R,002_02
2,FESTIVO,F021530R,STAZIONE CENTRALE,,1,002_0_R,002_02
2,FESTIVO,F021335R,STAZIONE CENTRALE,,1,002_0_R,002_02
2,FESTIVO,F021115R,STAZIONE CENTRALE,,1,002_0_R,002_02
2,FESTIVO,F020900R,STAZIONE CENTRALE,,1,002_0_R,002_02
2,FESTIVO,F022220A,GIAMPILIERI SUP,,0,002_0_A,002_02
2,FESTIVO,F022035A,GIAMPILIERI SUP,,0,002_0_A,002_02
2,FESTIVO,F021840A,GIAMPILIERI SUP,,0,002_0_A,002_02
2,FESTIVO,F021425A,GIAMPILIERI SUP,,0,002_0_A,002_02
2,FESTIVO,F021225A,GIAMPILIERI SUP,,0,002_0_A,002_02
2,FESTIVO,F021000A,GIAMPILIERI SUP,,0,002_0_A,002_02
2,FESTIVO,F020755A,GIAMPILIERI SUP,,0,002_0_A,002_02
2,FESTIVO,F021810R,STAZIONE CENTRALE,,1,002_0_R,002_01
2,FESTIVO,F021605R,STAZIONE CENTRALE,,1,002_0_R,002_01
2,FESTIVO,F021420R,STAZIONE CENTRALE,,1,002_0_R,002_01
2,FESTIVO,F021155R,STAZIONE CENTRALE,,1,002_0_R,002_01
2,FESTIVO,F020930R,STAZIONE CENTRALE,,1,002_0_R,002_01
2,FESTIVO,F020730R,STAZIONE CENTRALE,,1,002_0_R,002_01
2,FESTIVO,F021710A,GIAMPILIERI SUP,,0,002_0_A,002_01
2,FESTIVO,F021515A,GIAMPILIERI SUP,,0,002_0_A,002_01
2,FESTIVO,F021315A,GIAMPILIERI SUP,,0,002_0_A,002_01
2,FESTIVO,F021040A,GIAMPILIERI SUP,,0,002_0_A,002_01
2,FESTIVO,F020830A,GIAMPILIERI SUP,,0,002_0_A,002_01
2,FESTIVO,F020645A,GIAMPILIERI SUP,,0,002_0_A,002_01
1,FERIALE,011225A,ALTOLIA,,0,001_1_A,001_01
1,FERIALE,010515R,Z.I.R.,,1,001_1_R,001_01
1,FERIALE,010925R,Z.I.R.,,1,001_1_R,001_01
1,FERIALE,011120R,Z.I.R.,,1,001_1_R,001_01
6,FERIALE,072210A,GALATI S.LUCIA,,0,007_1_A,007_01
6,FERIALE,072125R,STAZIONE CENTRALE,,1,007_1_R,007_01
6,FERIALE,072245R,STAZIONE CENTRALE,,1,007_1_R,007_01
7,FERIALE,082200A,MILI S. PIETRO,,0,008_0_A,008_01
7,FERIALE,081910R,STAZIONE CENTRALE,,1,008_0_R,008_01
9,FERIALE,101140A,ZAFFERIA,,0,010_1_A,010_01
9,FERIALE,101300A,ZAFFERIA,,0,010_1_A,010_01
9,FERIALE,100945R,VILLA DANTE,,1,010_1_R,010_01
9,FERIALE,100825R,VILLA DANTE,,1,010_1_R,010_01
9,FERIALE,101100R,VILLA DANTE,,1,010_1_R,010_01
9,FERIALE,101220R,VILLA DANTE,,1,010_1_R,010_01
12,FERIALE,120450R,STAZIONE CENTRALE,,1,012_0_R,012_01
12,FERIALE,122145R,STAZIONE CENTRALE,,1,012_0_R,012_01
12,FERIALE,122255R,STAZIONE CENTRALE,,1,012_0_R,012_01
13,FERIALE,131110A,S. LUCIA,,0,013_1_A,013_01
13,FERIALE,131215A,S. LUCIA,,0,013_1_A,013_01
13,FERIALE,130930R,VILLA DANTE,,1,013_1_R,013_01
13,FERIALE,131035R,VILLA DANTE,,1,013_1_R,013_01
13,FERIALE,131140R,VILLA DANTE,,1,013_1_R,013_01
33,FERIALE,330520A,BORDONARO SUP.,,0,033_0_A,033_01
33,FERIALE,331115A,BORDONARO SUP.,,0,033_1_A,033_01
33,FERIALE,331240A,BORDONARO SUP.,,0,033_1_A,033_01
33,FERIALE,330555R,STAZIONE CENTRALE,,1,033_0_R,033_01
33,FERIALE,331025R,STAZIONE CENTRALE,,1,033_1_R,033_01
33,FERIALE,331200R,STAZIONE CENTRALE,,1,033_1_R,033_01
35,FERIALE,350430A,CUMIA SUPERIORE,,0,035_0_A,035_01
35,FERIALE,351100A,CUMIA SUPERIORE,,0,035_1_A,035_01
35,FERIALE,350500R,STAZIONE CENTRALE,,1,035_0_R,035_01
38,FERIALE,380425A,MITO,,0,038_0_A,038_01
38,FERIALE,380455R,STAZIONE CENTRALE,,1,038_0_R,038_01
38,FERIALE,381045R,VILLA DANTE,,1,038_1_R,038_01
38,FERIALE,381150R,VILLA DANTE,,1,038_1_R,038_01
60,FERIALE,601945A,CITTA' NUOVA,,0,060_0_A,060_01
60,FERIALE,602035A,CITTA' NUOVA,,0,060_0_A,060_01
60,FERIALE,602125A,CITTA' NUOVA,,0,060_0_A,060_01
60,FERIALE,602010R,STAZIONE CENTRALE,,1,060_0_R,060_01
60,FERIALE,602100R,STAZIONE CENTRALE,,1,060_0_R,060_01
60,FERIALE,602150R,STAZIONE CENTRALE,,1,060_0_R,060_01
70,FERIALE,701915A,GESSO,,0,070_1_A,070_01
70,FERIALE,702105A,GESSO,,0,070_1_A,070_01
70,FERIALE,700540R,STAZIONE CENTRALE,,1,070_1_R,070_01
70,FERIALE,702155R,STAZIONE CENTRALE,,1,070_1_R,070_01
15,FERIALE,152320R,STAZIONE CENTRALE,,1,015_2_R,015_01
101,FESTIVO,1010515A,ALTOLIA,,0,101_0_A,101_01
101,FESTIVO,1010720A,ALTOLIA,,0,101_0_A,101_01
101,FESTIVO,1010945A,PEZZOLO,,0,101_1_A,101_01
101,FESTIVO,1011650A,ALTOLIA,,0,101_2_A,101_01
101,FESTIVO,1011950A,ALTOLIA,,0,101_2_A,101_01
101,FESTIVO,1011050R,VIA LA FARINA - ATM,,1,101_1_R,101_01
101,FESTIVO,1010610R,STAZIONE CENTRALE,,1,101_0_R,101_01
101,FESTIVO,1010830R,STAZIONE CENTRALE,,1,101_0_R,101_01
101,FESTIVO,1011835R,STAZIONE CENTRALE,,1,101_0_R,101_01
101,FESTIVO,1012135R,STAZIONE CENTRALE,,1,101_0_R,101_01
110,FESTIVO,1100715A,MILI S. PIETRO,,0,110_2_A,110_01
110,FESTIVO,1100915A,MILI S. PIETRO,,0,110_0_A,110_01
110,FESTIVO,1101135A,MILI S. PIETRO,,0,110_0_A,110_01
110,FESTIVO,1101535A,MILI S. PIETRO,,0,110_0_A,110_01
110,FESTIVO,1102000A,MILI S. PIETRO,,0,110_0_A,110_01
110,FESTIVO,1101800A,MILI S. PIETRO,,0,110_1_A,110_01
110,FESTIVO,1100755R,STAZIONE CENTRALE,,0,110_0_R,110_01
110,FESTIVO,1101025R,STAZIONE CENTRALE,,0,110_0_R,110_01
110,FESTIVO,1101645R,STAZIONE CENTRALE,,0,110_0_R,110_01
110,FESTIVO,1101250R,STAZIONE CENTRALE,,0,110_1_R,110_01
110,FESTIVO,1101845R,STAZIONE CENTRALE,,0,110_2_R,110_01
110,FESTIVO,1102115R,VIA LA FARINA - ATM,,0,110_3_R,110_01
114,FESTIVO,1140620A,SAN MICHELE,,0,114_0_A,114_01
114,FESTIVO,1140830A,SAN MICHELE,,0,114_0_A,114_01
114,FESTIVO,1141040A,SAN MICHELE,,0,114_0_A,114_01
114,FESTIVO,1141500A,SAN MICHELE,,0,114_0_A,114_01
114,FESTIVO,1141700A,SAN MICHELE,,0,114_0_A,114_01
114,FESTIVO,1141905A,SAN MICHELE,,0,114_0_A,114_01
114,FESTIVO,1140715R,CEP,,1,114_0_R,114_01
178,FESTIVO,1780700A,C.DA BADESSA,,0,178_0_A,178_01
114,FESTIVO,1140945R,CEP,,1,114_0_R,114_01
114,FESTIVO,1141140R,CEP,,1,114_0_R,114_01
114,FESTIVO,1141555R,CEP,,1,114_0_R,114_01
114,FESTIVO,1141800R,CEP,,1,114_0_R,114_01
114,FESTIVO,1142005R,CEP,,1,114_0_R,114_01
112,FESTIVO,1120800R,STAZIONE CENTRALE,,1,112_0_R,112_01
112,FESTIVO,1120715A,S. FILIPPO INF.,,0,112_0_A,112_01
112,FESTIVO,1120845A,S. FILIPPO INF.,,0,112_0_A,112_01
112,FESTIVO,1121015A,S. FILIPPO INF.,,0,112_0_A,112_01
112,FESTIVO,1121200A,S. FILIPPO INF.,,0,112_0_A,112_01
112,FESTIVO,1121610A,S. FILIPPO INF.,,0,112_0_A,112_01
112,FESTIVO,1121725A,S. FILIPPO INF.,,0,112_0_A,112_01
112,FESTIVO,1121900A,S. FILIPPO INF.,,0,112_0_A,112_01
112,FESTIVO,1122020A,S. FILIPPO INF.,,0,112_0_A,112_01
112,FESTIVO,1120930R,STAZIONE CENTRALE,,1,112_0_R,112_01
112,FESTIVO,1121100R,STAZIONE CENTRALE,,1,112_0_R,112_01
112,FESTIVO,1121240R,STAZIONE CENTRALE,,1,112_0_R,112_01
112,FESTIVO,1121645R,STAZIONE CENTRALE,,1,112_0_R,112_01
112,FESTIVO,1121805R,STAZIONE CENTRALE,,1,112_0_R,112_01
112,FESTIVO,1121940R,STAZIONE CENTRALE,,1,112_0_R,112_01
112,FESTIVO,1122100R,STAZIONE CENTRALE,,1,112_0_R,112_01
115,FESTIVO,1150700A,PORTELLA ARENA,,0,115_0_A,115_01
115,FESTIVO,1150855A,PORTELLA ARENA,,0,115_0_A,115_01
115,FESTIVO,1151115A,PORTELLA ARENA,,0,115_0_A,115_01
115,FESTIVO,1151810A,PORTELLA ARENA,,0,115_0_A,115_01
115,FESTIVO,1151615A,PORTELLA ARENA,,0,115_1_A,115_01
115,FESTIVO,1150750R,VILL.UNRRA,,1,115_0_R,115_01
115,FESTIVO,1151010R,VILL.UNRRA,,1,115_0_R,115_01
115,FESTIVO,1151225R,VILL.UNRRA,,1,115_0_R,115_01
115,FESTIVO,1151700R,VILL.UNRRA,,1,115_0_R,115_01
115,FESTIVO,1151920R,VILL.UNRRA,,1,115_0_R,115_01
130,FESTIVO,1300800A,STAZIONE CENTRALE,,0,130_0_A,130_01
130,FESTIVO,1301010A,STAZIONE CENTRALE,,0,130_0_A,130_01
130,FESTIVO,1301210A,STAZIONE CENTRALE,,0,130_0_A,130_01
130,FESTIVO,1301530A,STAZIONE CENTRALE,,0,130_0_A,130_01
130,FESTIVO,1301730A,STAZIONE CENTRALE,,0,130_0_A,130_01
130,FESTIVO,1301950A,STAZIONE CENTRALE,,0,130_0_A,130_01
130,FESTIVO,1300845R,BORDONARO INF.,,1,130_0_R,130_01
130,FESTIVO,1301050R,BORDONARO INF.,,1,130_0_R,130_01
130,FESTIVO,1301250R,BORDONARO INF.,,1,130_0_R,130_01
130,FESTIVO,1301610R,BORDONARO INF.,,1,130_0_R,130_01
130,FESTIVO,1301815R,BORDONARO INF.,,1,130_0_R,130_01
130,FESTIVO,1302025R,BORDONARO INF.,,1,130_0_R,130_01
115,FESTIVO,1152030A,PORTELLA ARENA,,0,115_0_A,115_01
115,FESTIVO,1152135R,VILL.UNRRA,,1,115_0_R,115_01
132,FESTIVO,1320845A,SAN FILIPPO SUP.,,0,132_1_A,132_01
132,FESTIVO,1321530A,SAN FILIPPO SUP.,,0,132_0_A,132_01
132,FESTIVO,1320750R,STAZIONE CENTRALE,,1,132_0_R,132_01
132,FESTIVO,1320935R,STAZIONE CENTRALE,,1,132_0_R,132_01
132,FESTIVO,1321120R,STAZIONE CENTRALE,,1,132_0_R,132_01
132,FESTIVO,1321305R,STAZIONE CENTRALE,,1,132_0_R,132_01
132,FESTIVO,1321615R,STAZIONE CENTRALE,,1,132_0_R,132_01
132,FESTIVO,1321800R,STAZIONE CENTRALE,,1,132_0_R,132_01
132,FESTIVO,1321945R,STAZIONE CENTRALE,,1,132_0_R,132_01
132,FESTIVO,1322110R,VIA LA FARINA - ATM,,1,132_2_R,132_01
132,FESTIVO,1320720A,SAN FILIPPO SUP.,,0,132_2_A,132_01
132,FESTIVO,1321030A,SAN FILIPPO SUP.,,0,132_0_A,132_01
132,FESTIVO,1321215A,SAN FILIPPO SUP.,,0,132_1_A,132_01
132,FESTIVO,1321710A,SAN FILIPPO SUP.,,0,132_1_A,132_01
132,FESTIVO,1321855A,SAN FILIPPO SUP.,,0,132_1_A,132_01
132,FESTIVO,1322035A,SAN FILIPPO SUP.,,0,132_1_A,132_01
138,FESTIVO,1380820A,MITO,,0,138_0_A,138_01
138,FESTIVO,1380735R,STAZIONE CENTRALE,,1,138_0_R,138_01
138,FESTIVO,1380935A,MITO,,0,138_0_A,138_01
138,FESTIVO,1381100A,MITO,,0,138_0_A,138_01
138,FESTIVO,1381215A,MITO,,0,138_0_A,138_01
138,FESTIVO,1381500A,MITO,,0,138_0_A,138_01
138,FESTIVO,1381620A,MITO,,0,138_0_A,138_01
138,FESTIVO,1381740A,MITO,,0,138_0_A,138_01
138,FESTIVO,1381915A,MITO,,0,138_0_A,138_01
138,FESTIVO,1382040A,MITO,,0,138_0_A,138_01
138,FESTIVO,1380845R,STAZIONE CENTRALE,,1,138_0_R,138_01
138,FESTIVO,1381000R,STAZIONE CENTRALE,,1,138_0_R,138_01
138,FESTIVO,1381125R,STAZIONE CENTRALE,,1,138_0_R,138_01
138,FESTIVO,1381240R,STAZIONE CENTRALE,,1,138_0_R,138_01
138,FESTIVO,1381525R,STAZIONE CENTRALE,,1,138_0_R,138_01
138,FESTIVO,1381645R,STAZIONE CENTRALE,,1,138_0_R,138_01
138,FESTIVO,1381805R,STAZIONE CENTRALE,,1,138_0_R,138_01
138,FESTIVO,1381940R,STAZIONE CENTRALE,,1,138_0_R,138_01
173,FESTIVO,1730700A,MASSE DX,,0,173_0_A,173_01
173,FESTIVO,1730910A,MASSE SX,,0,173_1_A,173_01
173,FESTIVO,1731115A,MASSE SX,,0,173_1_A,173_01
173,FESTIVO,1731615A,MASSE SX,,0,173_1_A,173_01
173,FESTIVO,1731810A,MASSE SX,,0,173_1_A,173_01
173,FESTIVO,1732030A,MASSE SX,,0,173_1_A,173_01
172,FESTIVO,1720700A,SALICE,,0,172_0_A,172_01
172,FESTIVO,1721005A,SALICE,,0,172_0_A,172_01
172,FESTIVO,1721500A,SALICE,,0,172_0_A,172_01
172,FESTIVO,1721820A,SALICE,,0,172_0_A,172_01
172,FESTIVO,1720830R,STAZIONE CENTRALE,,1,172_0_R,172_01
172,FESTIVO,1721130R,STAZIONE CENTRALE,,1,172_0_R,172_01
172,FESTIVO,1721630R,STAZIONE CENTRALE,,1,172_0_R,172_01
172,FESTIVO,1721955R,STAZIONE CENTRALE,,1,172_0_R,172_01
79,FESTIVO,1791740R,STAZIONE CENTRALE,,1,079_0_R,079_02
79,FESTIVO,1791540R,STAZIONE CENTRALE,,1,079_0_R,079_02
79,FESTIVO,1791340R,STAZIONE CENTRALE,,1,079_0_R,079_02
79,FESTIVO,1791140R,STAZIONE CENTRALE,,1,079_0_R,079_02
79,FESTIVO,1791640A,ISTITUTO MARINO,,0,079_0_A,079_02
79,FESTIVO,1791840A,ISTITUTO MARINO,,0,079_0_A,079_02
79,FESTIVO,1792040A,ISTITUTO MARINO,,0,079_0_A,079_02
79,FESTIVO,1790540R,STAZIONE CENTRALE,,1,079_0_R,079_02
79,FESTIVO,1790740R,STAZIONE CENTRALE,,1,079_0_R,079_02
79,FESTIVO,1790940R,STAZIONE CENTRALE,,1,079_0_R,079_02
79,FESTIVO,1791440A,ISTITUTO MARINO,,0,079_0_A,079_02
79,FESTIVO,1790840A,ISTITUTO MARINO,,0,079_0_A,079_02
79,FESTIVO,1791040A,ISTITUTO MARINO,,0,079_0_A,079_02
79,FESTIVO,1791240A,ISTITUTO MARINO,,0,079_0_A,079_02
79,FESTIVO,1790640A,ISTITUTO MARINO,,0,079_0_A,079_02
79,FESTIVO,1790440A,ISTITUTO MARINO,,0,079_0_A,079_02
79,FESTIVO,1792110R,STAZIONE CENTRALE,,1,079_0_R,079_01
79,FESTIVO,1791910R,STAZIONE CENTRALE,,1,079_0_R,079_01
79,FESTIVO,1791710R,STAZIONE CENTRALE,,1,079_0_R,079_01
79,FESTIVO,1791510R,STAZIONE CENTRALE,,1,079_0_R,079_01
79,FESTIVO,1791610A,ISTITUTO MARINO,,0,079_0_A,079_01
79,FESTIVO,1791810A,ISTITUTO MARINO,,0,079_0_A,079_01
79,FESTIVO,1792010A,ISTITUTO MARINO,,0,079_0_A,079_01
79,FESTIVO,1790710R,STAZIONE CENTRALE,,1,079_0_R,079_01
79,FESTIVO,1791110R,STAZIONE CENTRALE,,1,079_0_R,079_01
79,FESTIVO,1791310R,STAZIONE CENTRALE,,1,079_0_R,079_01
79,FESTIVO,1790610A,ISTITUTO MARINO,,0,079_0_A,079_01
79,FESTIVO,1790810A,ISTITUTO MARINO,,0,079_0_A,079_01
79,FESTIVO,1791010A,ISTITUTO MARINO,,0,079_0_A,079_01
79,FESTIVO,1791210A,ISTITUTO MARINO,,0,079_0_A,079_01
79,FESTIVO,1791410A,ISTITUTO MARINO,,0,079_0_A,079_01
81,FESTIVO,0810815A,PONTE GALLO,,0,081_0_A,081_01
81,FESTIVO,0811110A,PONTE GALLO,,0,081_0_A,081_01
81,FESTIVO,0811705A,PONTE GALLO,,0,081_0_A,081_01
81,FESTIVO,0812015A,PONTE GALLO,,0,081_0_A,081_01
81,FESTIVO,0810940R,STAZIONE CENTRALE,,1,081_0_R,081_03
81,FESTIVO,0811245R,STAZIONE CENTRALE,,1,081_0_R,081_03
81,FESTIVO,0811840R,STAZIONE CENTRALE,,1,081_0_R,081_03
81,FESTIVO,0812140R,STAZIONE CENTRALE,,1,081_0_R,081_03
102,FERIALE,1022200A,GIAMPILIERI SUPERIORE,,0,102_0_A,102_01
103,FERIALE,1032835R,STAZIONE CENTRALE,,1,103_0_R,103_02
79,FESTIVO,1792010R,STAZIONE CENTRALE,,1,079_0_R,079_03
102,FERIALE,1022730R,STAZIONE CENTRALE,,1,102_0_R,102_01
75,FERIALE,751125R,STAZIONE CENTRALE,,1,075_2_R,075_01
102,FERIALE,1022555R,STAZIONE CENTRALE,,1,102_0_R,102_01
72,FERIALE,721950R,STAZIONE CENTRALE,,1,072_0_R,072_01
79,FESTIVO,1790610R,STAZIONE CENTRALE,,1,079_0_R,079_03
79,FESTIVO,1790810R,STAZIONE CENTRALE,,1,079_0_R,079_03
79,FESTIVO,1791010R,STAZIONE CENTRALE,,1,079_0_R,079_03
102,FERIALE,1022335A,GIAMPILIERI SUPERIORE,,0,102_0_A,102_01
79,FESTIVO,1791910A,ISTITUTO MARINO,,0,079_0_A,079_03
79,FESTIVO,1792110A,ISTITUTO MARINO,,0,079_0_A,079_03
102,FERIALE,1022245R,STAZIONE CENTRALE,,1,102_0_R,102_01
102,FERIALE,1022645A,GIAMPILIERI SUPERIORE,,0,102_0_A,102_01
75,FERIALE,751245R,STAZIONE CENTRALE,,1,075_2_R,075_01
103,FERIALE,1032610A,ISTITUTO MARINO,,0,103_0_A,103_02
103,FERIALE,1032435A,ISTITUTO MARINO,,0,103_0_A,103_02
72,FERIALE,722140R,STAZIONE CENTRALE,,1,072_0_R,072_02
75,FERIALE,750720A,NAVETTA CONCA D'ORO,,0,075_0_A,075_01
75,FERIALE,750810A,NAVETTA CONCA D'ORO,,0,075_1_A,075_01
75,FERIALE,750925A,NAVETTA CONCA D'ORO,,0,075_2_A,075_01
75,FERIALE,751050A,NAVETTA CONCA D'ORO,,0,075_2_A,075_01
75,FERIALE,751205A,NAVETTA CONCA D'ORO,,0,075_2_A,075_01
103,FERIALE,1032700R,STAZIONE CENTRALE,,1,103_0_R,103_02
103,FERIALE,1032250R,STAZIONE CENTRALE,,1,103_0_R,103_01
143,FESTIVO,1430705A,PIAZZA D'ARMI,,0,143_0_A,143_01
143,FESTIVO,1431920A,PIAZZA D'ARMI,,0,143_0_A,143_01
143,FESTIVO,1431755A,PIAZZA D'ARMI,,0,143_0_A,143_01
143,FESTIVO,1431630A,PIAZZA D'ARMI,,0,143_0_A,143_01
143,FESTIVO,1431505A,PIAZZA D'ARMI,,0,143_0_A,143_01
143,FESTIVO,1431120A,PIAZZA D'ARMI,,0,143_0_A,143_01
143,FESTIVO,1430955A,PIAZZA D'ARMI,,0,143_0_A,143_01
143,FESTIVO,1430830A,PIAZZA D'ARMI,,0,143_0_A,143_01
143,FESTIVO,1430800R,STAZIONE CENTRALE,,1,143_0_R,143_01
143,FESTIVO,1430923R,STAZIONE CENTRALE,,1,143_0_R,143_01
143,FESTIVO,1431048R,STAZIONE CENTRALE,,1,143_0_R,143_01
143,FESTIVO,1431213R,STAZIONE CENTRALE,,1,143_0_R,143_01
143,FESTIVO,1431558R,STAZIONE CENTRALE,,1,143_0_R,143_01
143,FESTIVO,1431723R,STAZIONE CENTRALE,,1,143_0_R,143_01
143,FESTIVO,1431848R,STAZIONE CENTRALE,,1,143_0_R,143_01
143,FESTIVO,1432013R,STAZIONE CENTRALE,,1,143_0_R,143_01
103,FERIALE,1032200A,ISTITUTO MARINO,,0,103_0_A,103_01
178,FESTIVO,1780845A,C.DA BADESSA,,0,178_0_A,178_01
178,FESTIVO,1781045A,C.DA BADESSA,,0,178_0_A,178_01
178,FESTIVO,1781450A,C.DA BADESSA,,0,178_0_A,178_01
178,FESTIVO,1781655A,C.DA BADESSA,,0,178_0_A,178_01
178,FESTIVO,1781900A,C.DA BADESSA,,0,178_0_A,178_01
178,FESTIVO,1780750R,STAZIONE CENTRALE,,1,178_0_R,178_01
178,FESTIVO,1780935R,STAZIONE CENTRALE,,1,178_0_R,178_01
178,FESTIVO,1781155R,STAZIONE CENTRALE,,1,178_0_R,178_01
178,FESTIVO,1781545R,STAZIONE CENTRALE,,1,178_0_R,178_01
178,FESTIVO,1781750R,STAZIONE CENTRALE,,1,178_0_R,178_01
178,FESTIVO,1781955R,STAZIONE CENTRALE,,1,178_0_R,178_01
53,FERIALE,531225R,STAZIONE CENTRALE,,1,053_0_R,053_02
53,FERIALE,530610A,VILLA LINA,,0,053_1_A,053_02
103,FESTIVO,F032600A,ISTITUTO MARINO,,0,103_0_A,103_01
103,FESTIVO,F032600R,STAZIONE CENTRALE,,1,103_0_R,103_04
75,FERIALE,751425A,NAVETTA CONCA D'ORO,,0,075_1_A,075_01
53,FERIALE,531100R,STAZIONE CENTRALE,,1,053_0_R,053_02
53,FERIALE,531710R,STAZIONE CENTRALE,,1,053_0_R,053_02
103,FESTIVO,F032700A,ISTITUTO MARINO,,0,103_0_A,103_04
103,FESTIVO,F032700R,STAZIONE CENTRALE,,1,103_0_R,103_01
75,FERIALE,751320A,NAVETTA CONCA D'ORO,,0,075_0_A,075_01
53,FERIALE,530810R,STAZIONE CENTRALE,,1,053_0_R,053_02
53,FERIALE,530935R,STAZIONE CENTRALE,,1,053_0_R,053_02
53,FERIALE,531045A,VILLA LINA,,0,053_0_A,053_01
103,FESTIVO,F032800R,STAZIONE CENTRALE,,1,103_0_R,103_04
53,FERIALE,531345A,VILLA LINA,,0,053_0_A,053_01
53,FERIALE,531820A,VILLA LINA,,0,053_0_A,053_01
75,FERIALE,751410R,ANNUNZIATA,,1,075_1_R,075_01
75,FERIALE,751440R,STAZIONE CENTRALE,,1,075_0_R,075_01
75,FERIALE,751615R,STAZIONE CENTRALE,,1,075_2_R,075_01
75,FERIALE,751740R,STAZIONE CENTRALE,,1,075_2_R,075_01
75,FERIALE,751900R,STAZIONE CENTRALE,,1,075_2_R,075_01
78,FERIALE,780820R,ANNUNZIATA,,1,078_1_R,078_01
78,FERIALE,780855R,ANNUNZIATA,,1,078_1_R,078_02
78,FERIALE,780945R,ANNUNZIATA,,1,078_1_R,078_01
78,FERIALE,781020R,ANNUNZIATA,,1,078_1_R,078_02
78,FERIALE,781105R,ANNUNZIATA,,1,078_1_R,078_01
78,FERIALE,781145R,ANNUNZIATA,,1,078_1_R,078_02
78,FERIALE,781225R,ANNUNZIATA,,1,078_1_R,078_01
78,FERIALE,781310R,ANNUNZIATA,,1,078_1_R,078_02
78,FERIALE,781350R,ANNUNZIATA,,1,078_1_R,078_01
78,FERIALE,781435R,ANNUNZIATA,,1,078_1_R,078_02
78,FERIALE,781515R,ANNUNZIATA,,1,078_1_R,078_01
78,FERIALE,781600R,ANNUNZIATA,,1,078_1_R,078_02
78,FERIALE,781645R,ANNUNZIATA,,1,078_1_R,078_01
78,FERIALE,781725R,STAZIONE CENTRALE,,1,078_0_R,078_02
78,FERIALE,781815R,ANNUNZIATA,,1,078_1_R,078_01
78,FERIALE,781940R,ANNUNZIATA,,1,078_1_R,078_01
78,FERIALE,782115R,STAZIONE CENTRALE,,1,078_0_R,078_01
83,FERIALE,830450A,PONTE GALLO,,0,083_0_A,083_01
102,FESTIVO,1F22645A,GIAMPILIERI SUPERIORE,,0,102_0_A,102_01
